﻿{
  "Make": "Datsun",
  "Models": [
    {
      "Model": "200/220/260/280C",
      "Generations": [
        "1975 - 1979"
      ]
    },
    {
      "Model": "240Z",
      "Generations": [
        "1970 - 1973"
      ]
    },
    {
      "Model": "280Z",
      "Generations": [
        "1975 - 1979"
      ]
    },
    {
      "Model": "280ZX",
      "Generations": [
        "1978 - 1983"
      ]
    },
    {
      "Model": "620",
      "Generations": [
        "1972 - 1979"
      ]
    },
    {
      "Model": "720",
      "Generations": [
        "1980 - 1986"
      ]
    },
    {
      "Model": "Bluebird",
      "Generations": [
        "1976 - 1981"
      ]
    },
    {
      "Model": "Cherry",
      "Generations": [
        "1974 - 1978 II",
        "1970 - 1974 I"
      ]
    },
    {
      "Model": "GO",
      "Generations": [
        "2014 - 2020"
      ]
    },
    {
      "Model": "GO+",
      "Generations": [
        "2014 - 2022"
      ]
    },
    {
      "Model": "Laurel",
      "Generations": [
        "1980 - 1984 IV (C21)",
        "1977 - 1981 III"
      ]
    },
    {
      "Model": "mi-DO",
      "Generations": [
        "2015 - 2020"
      ]
    },
    {
      "Model": "on-DO",
      "Generations": [
        "2019 - 2020 I Рестайлинг",
        "2014 - 2019 I"
      ]
    },
    {
      "Model": "Stanza",
      "Generations": [
        "1982 - 1986 II (T11)",
        "1977 - 1981 I (A10)"
      ]
    },
    {
      "Model": "Sunny",
      "Generations": [
        "1973 - 1983 B210"
      ]
    },
    {
      "Model": "Urvan",
      "Generations": [
        "1982 - 1988 E23"
      ]
    },
    {
      "Model": "Violet",
      "Generations": [
        "1973 - 1979 710"
      ]
    }
  ]
}