﻿{
  "Make": "Acura",
  "Models": [
    {
      "Model": "CL",
      "Generations": [
        "2000 - 2003 II",
        "1996 - 1999 I"
      ]
    },
    {
      "Model": "CSX",
      "Generations": [
        "2005 - 2011"
      ]
    },
    {
      "Model": "EL",
      "Generations": [
        "2000 - 2005 II",
        "1997 - 2000 I"
      ]
    },
    {
      "Model": "ILX",
      "Generations": [
        "2018 -  I Рестайлинг 2",
        "2015 - 2018 I Рестайлинг",
        "2012 - 2015 I"
      ]
    },
    {
      "Model": "Integra",
      "Generations": [
        "2022 -  IV",
        "1993 - 2001 III",
        "1989 - 1993 II",
        "1985 - 1990 I"
      ]
    },
    {
      "Model": "Legend",
      "Generations": [
        "1990 - 1996 II",
        "1986 - 1990 I"
      ]
    },
    {
      "Model": "MDX",
      "Generations": [
        "2021 -  IV",
        "2016 - 2020 III Рестайлинг 2",
        "2015 - 2016 III Рестайлинг 1",
        "2013 - 2015 III",
        "2010 - 2013 II Рестайлинг",
        "2006 - 2010 II",
        "2000 - 2006 I"
      ]
    },
    {
      "Model": "NSX",
      "Generations": [
        "2015 - 2022 II",
        "2002 - 2005 I Рестайлинг",
        "1990 - 2005 I"
      ]
    },
    {
      "Model": "RDX",
      "Generations": [
        "2021 -  III Рестайлинг",
        "2018 - 2021 III",
        "2015 - 2018 II Рестайлинг",
        "2013 - 2015 II",
        "2009 - 2012 I Рестайлинг",
        "2006 - 2009 I"
      ]
    },
    {
      "Model": "RL",
      "Generations": [
        "2008 - 2012 II Рестайлинг",
        "2004 - 2008 II",
        "1998 - 2004 I Рестайлинг",
        "1995 - 1998 I"
      ]
    },
    {
      "Model": "RLX",
      "Generations": [
        "2017 - 2020 I Рестайлинг",
        "2013 - 2017 I"
      ]
    },
    {
      "Model": "RSX",
      "Generations": [
        "2004 - 2006 I Рестайлинг",
        "2001 - 2004 I"
      ]
    },
    {
      "Model": "SLX",
      "Generations": [
        "1995 - 1999"
      ]
    },
    {
      "Model": "TL",
      "Generations": [
        "2011 - 2014 IV Рестайлинг",
        "2008 - 2011 IV",
        "2006 - 2008 III Рестайлинг",
        "2003 - 2006 III",
        "2001 - 2003 II Рестайлинг",
        "1998 - 2001 II",
        "1995 - 1998 I"
      ]
    },
    {
      "Model": "TLX",
      "Generations": [
        "2020 -  II",
        "2017 - 2020 I Рестайлинг",
        "2014 - 2017 I"
      ]
    },
    {
      "Model": "TSX",
      "Generations": [
        "2008 - 2014 II",
        "2003 - 2008 I"
      ]
    },
    {
      "Model": "ZDX",
      "Generations": [
        "2009 - 2013"
      ]
    }
  ]
}