﻿{
  "Make": "Buick",
  "Models": [
    {
      "Model": "Cascada",
      "Generations": [
        "2015 - 2019"
      ]
    },
    {
      "Model": "Century",
      "Generations": [
        "1997 - 2005 VI",
        "1982 - 1996 V",
        "1978 - 1982 IV",
        "1973 - 1977 III"
      ]
    },
    {
      "Model": "Electra",
      "Generations": [
        "1985 - 1990 VI",
        "1977 - 1984 V",
        "1959 - 1960 I"
      ]
    },
    {
      "Model": "Electra E4",
      "Generations": [
        "2023 - "
      ]
    },
    {
      "Model": "Electra E5",
      "Generations": [
        "2022 - "
      ]
    },
    {
      "Model": "Enclave",
      "Generations": [
        "2021 -  II Рестайлинг",
        "2018 - 2021 II",
        "2013 - 2017 I Рестайлинг",
        "2007 - 2013 I"
      ]
    },
    {
      "Model": "Encore",
      "Generations": [
        "2016 - 2022 I Рестайлинг",
        "2012 - 2016 I"
      ]
    },
    {
      "Model": "Encore GX",
      "Generations": [
        "2019 - "
      ]
    },
    {
      "Model": "Envision",
      "Generations": [
        "2020 -  II",
        "2014 - 2018 I"
      ]
    },
    {
      "Model": "Envista",
      "Generations": [
        "2022 - "
      ]
    },
    {
      "Model": "Estate Wagon",
      "Generations": [
        "1977 - 1990"
      ]
    },
    {
      "Model": "Excelle",
      "Generations": [
        "2017 - 2023 III Рестайлинг",
        "2015 - 2017 III",
        "2009 - 2015 II",
        "2004 - 2007 I"
      ]
    },
    {
      "Model": "GL6",
      "Generations": [
        "2017 - 2023"
      ]
    },
    {
      "Model": "GL8",
      "Generations": [
        "2022 -  IV Century",
        "2020 -  III Рестайлинг",
        "2017 - 2020 III",
        "2010 - 2017 II",
        "2000 - 2016 I"
      ]
    },
    {
      "Model": "GS",
      "Generations": [
        "1970 - 1972 I"
      ]
    },
    {
      "Model": "LaCrosse",
      "Generations": [
        "2023 -  IV",
        "2019 - 2023 III Рестайлинг",
        "2016 - 2019 III",
        "2013 - 2016 II Рестайлинг",
        "2009 - 2013 II",
        "2007 - 2009 I (China)",
        "2004 - 2009 I (North America)"
      ]
    },
    {
      "Model": "LeSabre",
      "Generations": [
        "2000 - 2005 VIII",
        "1992 - 1999 VII",
        "1986 - 1991 VI",
        "1977 - 1986 V",
        "1965 - 1970 III",
        "1961 - 1964 II",
        "1959 - 1960 I"
      ]
    },
    {
      "Model": "Limited",
      "Generations": [
        "1958 - 1959"
      ]
    },
    {
      "Model": "Lucerne",
      "Generations": [
        "2008 - 2011 I Рестайлинг",
        "2005 - 2008 I"
      ]
    },
    {
      "Model": "Park Avenue",
      "Generations": [
        "2007 - 2012 III",
        "2002 - 2005 II Рестайлинг",
        "1996 - 2002 II",
        "1991 - 1996 I"
      ]
    },
    {
      "Model": "Rainier",
      "Generations": [
        "2003 - 2007"
      ]
    },
    {
      "Model": "Reatta",
      "Generations": [
        "1988 - 1991"
      ]
    },
    {
      "Model": "Regal",
      "Generations": [
        "2017 - 2020 VI",
        "2013 - 2017 V Рестайлинг",
        "2009 - 2013 V",
        "1997 - 2008 IV",
        "1988 - 1997 III",
        "1982 - 1996 Japan",
        "1978 - 1987 II",
        "1973 - 1977 I"
      ]
    },
    {
      "Model": "Rendezvous",
      "Generations": [
        "2001 - 2007"
      ]
    },
    {
      "Model": "Riviera",
      "Generations": [
        "1994 - 1999 VIII",
        "1985 - 1993 VII",
        "1979 - 1985 VI",
        "1971 - 1973 III",
        "1966 - 1970 II"
      ]
    },
    {
      "Model": "Roadmaster",
      "Generations": [
        "1991 - 1996 VIII",
        "1949 - 1953 V",
        "1942 - 1948 IV"
      ]
    },
    {
      "Model": "Skyhawk",
      "Generations": [
        "1981 - 1989 II",
        "1974 - 1979 I"
      ]
    },
    {
      "Model": "Skylark",
      "Generations": [
        "1992 - 1998 IX",
        "1980 - 1985 VI",
        "1975 - 1979 IV"
      ]
    },
    {
      "Model": "Special",
      "Generations": [
        "1949 - 1958 II",
        "1936 - 1949 I"
      ]
    },
    {
      "Model": "Super",
      "Generations": [
        "1942 - 1953"
      ]
    },
    {
      "Model": "Terraza",
      "Generations": [
        "2005 - 2007"
      ]
    },
    {
      "Model": "Velite 6",
      "Generations": [
        "2019 - "
      ]
    },
    {
      "Model": "Verano",
      "Generations": [
        "2021 -  III (Pro)",
        "2017 - 2020 II",
        "2011 - 2017 I"
      ]
    },
    {
      "Model": "Wildcat",
      "Generations": [
        "1965 - 1970 II",
        "1963 - 1964 I"
      ]
    }
  ]
}