﻿{
  "Make": "Changan",
  "Models": [
    {
      "Model": "Alsvin",
      "Generations": [
        "2018 - "
      ]
    },
    {
      "Model": "Alsvin V7",
      "Generations": [
        "2014 - 2018 I"
      ]
    },
    {
      "Model": "Auchan A600 EV",
      "Generations": [
        "2018 - 2022"
      ]
    },
    {
      "Model": "Benben E-Star",
      "Generations": [
        "2020 - "
      ]
    },
    {
      "Model": "Benni",
      "Generations": [
        "2010 - 2014 Mini",
        "2006 - 2011 I"
      ]
    },
    {
      "Model": "Benni EC/EV",
      "Generations": [
        "2018 - 2020"
      ]
    },
    {
      "Model": "CM-8",
      "Generations": [
        "2008 - 2015"
      ]
    },
    {
      "Model": "CS15",
      "Generations": [
        "2019 -  I Рестайлинг",
        "2016 - 2019 I"
      ]
    },
    {
      "Model": "CS35",
      "Generations": [
        "2013 - 2022"
      ]
    },
    {
      "Model": "CS35PLUS",
      "Generations": [
        "2021 -  I Рестайлинг",
        "2018 - 2023 I"
      ]
    },
    {
      "Model": "CS55",
      "Generations": [
        "2017 - 2023 I"
      ]
    },
    {
      "Model": "CS55PLUS",
      "Generations": [
        "2021 -  I Рестайлинг",
        "2019 - 2021 I"
      ]
    },
    {
      "Model": "CS75",
      "Generations": [
        "2021 -  I Рестайлинг 2",
        "2018 -  I Рестайлинг",
        "2014 - 2020 I"
      ]
    },
    {
      "Model": "CS75PLUS",
      "Generations": [
        "2022 -  II",
        "2021 -  I Рестайлинг",
        "2019 - 2021 I"
      ]
    },
    {
      "Model": "CS85",
      "Generations": [
        "2019 - "
      ]
    },
    {
      "Model": "CS95",
      "Generations": [
        "2023 -  I Рестайлинг 2",
        "2019 -  I Рестайлинг",
        "2017 - 2019 I"
      ]
    },
    {
      "Model": "CS95PLUS",
      "Generations": [
        "2023 - "
      ]
    },
    {
      "Model": "CX20",
      "Generations": [
        "2011 - 2016 I"
      ]
    },
    {
      "Model": "Deepal G318",
      "Generations": [
        "2024 - "
      ]
    },
    {
      "Model": "Eado",
      "Generations": [
        "2018 -  II",
        "2013 - 2018 I"
      ]
    },
    {
      "Model": "Eado Plus",
      "Generations": [
        "2020 - "
      ]
    },
    {
      "Model": "Hunter",
      "Generations": [
        "2024 -  I (China Market)",
        "2020 -  I"
      ]
    },
    {
      "Model": "Hunter Plus",
      "Generations": [
        "2023 - "
      ]
    },
    {
      "Model": "Kaicene F70",
      "Generations": [
        "2019 - "
      ]
    },
    {
      "Model": "Lamore",
      "Generations": [
        "2023 - "
      ]
    },
    {
      "Model": "Lantuozhe (Explorer)",
      "Generations": [
        "2022 - "
      ]
    },
    {
      "Model": "Linmax",
      "Generations": [
        "2017 - 2020"
      ]
    },
    {
      "Model": "Lumin",
      "Generations": [
        "2022 - "
      ]
    },
    {
      "Model": "Raeton",
      "Generations": [
        "2013 - 2019"
      ]
    },
    {
      "Model": "Raeton CC",
      "Generations": [
        "2021 -  I Рестайлинг 2",
        "2019 - 2021 I Рестайлинг",
        "2017 - 2019 I"
      ]
    },
    {
      "Model": "Raeton Plus",
      "Generations": [
        "2022 - "
      ]
    },
    {
      "Model": "Shenlan S7",
      "Generations": [
        "2023 - "
      ]
    },
    {
      "Model": "Shenlan SL03",
      "Generations": [
        "2022 - "
      ]
    },
    {
      "Model": "UNI-K",
      "Generations": [
        "2020 - "
      ]
    },
    {
      "Model": "UNI-T",
      "Generations": [
        "2023 -  I Рестайлинг",
        "2020 -  I"
      ]
    },
    {
      "Model": "UNI-V",
      "Generations": [
        "2022 - "
      ]
    },
    {
      "Model": "UNI-Z",
      "Generations": [
        "2024 - "
      ]
    },
    {
      "Model": "X5 Plus",
      "Generations": [
        "2024 - "
      ]
    },
    {
      "Model": "Yida",
      "Generations": [
        "2023 - "
      ]
    },
    {
      "Model": "Z-Shine",
      "Generations": [
        "2008 - 2010"
      ]
    }
  ]
}