﻿{
  "Make": "Austin",
  "Models": [
    {
      "Model": "Allegro",
      "Generations": [
        "1973 - 1983"
      ]
    },
    {
      "Model": "Ambassador",
      "Generations": [
        "1982 - 1984"
      ]
    },
    {
      "Model": "FL2",
      "Generations": [
        "1958 - 1978"
      ]
    },
    {
      "Model": "FX4",
      "Generations": [
        "1958 - 1982"
      ]
    },
    {
      "Model": "Maestro",
      "Generations": [
        "1983 - 1997"
      ]
    },
    {
      "Model": "Maxi",
      "Generations": [
        "1980 - 1982 II",
        "1969 - 1980 I"
      ]
    },
    {
      "Model": "Metro",
      "Generations": [
        "1980 - 1990"
      ]
    },
    {
      "Model": "Mini",
      "Generations": [
        "1967 - 1993"
      ]
    },
    {
      "Model": "Montego",
      "Generations": [
        "1984 - 1994"
      ]
    },
    {
      "Model": "Princess",
      "Generations": [
        "1975 - 1978 I",
        "1972 - 1982 II"
      ]
    },
    {
      "Model": "Sprite",
      "Generations": [
        "1966 - 1971 IV",
        "1964 - 1966 III",
        "1961 - 1964 II",
        "1958 - 1961 I"
      ]
    }
  ]
}