﻿{
  "Make": "Brilliance",
  "Models": [
    {
      "Model": "FRV (BS2)",
      "Generations": [
        "2008 - 2013"
      ]
    },
    {
      "Model": "H230",
      "Generations": [
        "2012 - 2017"
      ]
    },
    {
      "Model": "H530",
      "Generations": [
        "2016 - 2020 I Рестайлинг",
        "2011 - 2016 I"
      ]
    },
    {
      "Model": "M1 (BS6)",
      "Generations": [
        "2009 - 2012 I Рестайлинг",
        "2004 - 2009 I"
      ]
    },
    {
      "Model": "M2 (BS4)",
      "Generations": [
        "2010 - 2012 I Рестайлинг",
        "2006 - 2010 I"
      ]
    },
    {
      "Model": "M3 (BC3)",
      "Generations": [
        "2007 - 2011"
      ]
    },
    {
      "Model": "V3",
      "Generations": [
        "2017 - 2020 I Рестайлинг",
        "2015 - 2017 I"
      ]
    },
    {
      "Model": "V5",
      "Generations": [
        "2017 - 2020 I Рестайлинг",
        "2011 - 2017 I"
      ]
    }
  ]
}