﻿{
  "Make": "Alpina",
  "Models": [
    {
      "Model": "B10",
      "Generations": [
        "1997 - 2004 E39",
        "1988 - 1996 E34",
        "1984 - 1987 E28"
      ]
    },
    {
      "Model": "B11",
      "Generations": [
        "1987 - 1994 E32"
      ]
    },
    {
      "Model": "B12",
      "Generations": [
        "1995 - 2001 E38",
        "1990 - 1996 E31",
        "1988 - 1994 E32"
      ]
    },
    {
      "Model": "B3",
      "Generations": [
        "2024 -  G20 Рестайлинг 2",
        "2022 -  G20 Рестайлинг",
        "2019 - 2022 G20",
        "2017 - 2019 F30 Рестайлинг",
        "2013 - 2017 F30",
        "2007 - 2013 E90/E92",
        "1999 - 2006 E46",
        "1993 - 1999 E36",
        "1987 - 1992 E30"
      ]
    },
    {
      "Model": "B4",
      "Generations": [
        "2024 -  G26 Рестайлинг",
        "2022 -  G26",
        "2017 - 2019 F32/F33 Рестайлинг",
        "2013 - 2017 F32/F33"
      ]
    },
    {
      "Model": "B5",
      "Generations": [
        "2020 -  G30/G31 Рестайлинг",
        "2017 - 2020 G30/G31",
        "2013 - 2017 F10/F11 Рестайлинг",
        "2010 - 2013 F10/F11",
        "2007 - 2010 E60/61 Рестайлинг",
        "2005 - 2007 E60/61"
      ]
    },
    {
      "Model": "B6",
      "Generations": [
        "2015 - 2017 F12/F13 Рестайлинг",
        "2011 - 2015 F12/F13",
        "2005 - 2010 E63/64",
        "1992 - 1993 E36",
        "1984 - 1990 E30",
        "1978 - 1983 E21"
      ]
    },
    {
      "Model": "B7",
      "Generations": [
        "2019 - 2022 G12 Рестайлинг",
        "2016 - 2019 G12",
        "2013 - 2016 F01/F02 Рестайлинг",
        "2010 - 2012 F01/F02",
        "2004 - 2008 E65/66",
        "1986 - 1987 E28",
        "1978 - 1982 E12",
        "1978 - 1988 E24"
      ]
    },
    {
      "Model": "B8",
      "Generations": [
        "2021 -  G16",
        "1995 - 1998 E36",
        "1979 - 1986 E23"
      ]
    },
    {
      "Model": "B9",
      "Generations": [
        "1981 - 1985"
      ]
    },
    {
      "Model": "C1",
      "Generations": [
        "1983 - 1987 E30",
        "1980 - 1983 E21"
      ]
    },
    {
      "Model": "C2",
      "Generations": [
        "1985 - 1987 E30"
      ]
    },
    {
      "Model": "D10",
      "Generations": [
        "1999 - 2003 E39"
      ]
    },
    {
      "Model": "D3",
      "Generations": [
        "2022 -  G20 Рестайлинг",
        "2020 - 2022 G20",
        "2017 - 2019 F30 Рестайлинг",
        "2013 - 2017 F30",
        "2005 - 2013 E90/E92"
      ]
    },
    {
      "Model": "D4",
      "Generations": [
        "2022 -  G26",
        "2017 - 2018 F32/F33 Рестайлинг",
        "2014 - 2017 F32/F33"
      ]
    },
    {
      "Model": "D5",
      "Generations": [
        "2020 -  G30/G31 Рестайлинг",
        "2017 - 2020 G30/G31",
        "2013 - 2017 F10/F11 Рестайлинг",
        "2011 - 2013 F10/F11"
      ]
    },
    {
      "Model": "Roadster",
      "Generations": [
        "2003 - 2005 Z4",
        "2002 - 2003 Z8",
        "1990 - 1991 Z1"
      ]
    },
    {
      "Model": "XB7",
      "Generations": [
        "2022 -  G07 Рестайлинг",
        "2020 - 2022 G07"
      ]
    },
    {
      "Model": "XD3",
      "Generations": [
        "2021 -  G01 Рестайлинг",
        "2018 - 2021 G01",
        "2014 - 2017 F25 Рестайлинг",
        "2012 - 2014 F25"
      ]
    },
    {
      "Model": "XD4",
      "Generations": [
        "2021 -  G02 Рестайлинг",
        "2018 - 2021 G02"
      ]
    }
  ]
}