﻿{
  "Make": "Dodge",
  "Models": [
    {
      "Model": "600",
      "Generations": [
        "1983 - 1988"
      ]
    },
    {
      "Model": "Aries",
      "Generations": [
        "1981 - 1989"
      ]
    },
    {
      "Model": "Avenger",
      "Generations": [
        "2011 - 2014 II Рестайлинг",
        "2007 - 2010 II",
        "1994 - 2000 I"
      ]
    },
    {
      "Model": "Caliber",
      "Generations": [
        "2009 - 2013 I Рестайлинг",
        "2006 - 2009 I"
      ]
    },
    {
      "Model": "Caravan",
      "Generations": [
        "2007 - 2020 V",
        "2000 - 2007 IV",
        "1995 - 2000 III",
        "1990 - 1995 II",
        "1984 - 1990 I"
      ]
    },
    {
      "Model": "Challenger",
      "Generations": [
        "2014 - 2023 III Рестайлинг 2",
        "2010 - 2014 III Рестайлинг",
        "2008 - 2010 III",
        "1977 - 1983 II",
        "1969 - 1974 I"
      ]
    },
    {
      "Model": "Charger",
      "Generations": [
        "2024 -  VIII",
        "2014 - 2023 VII (LD) Рестайлинг",
        "2010 - 2014 VII (LD)",
        "2005 - 2010 VI (LX)",
        "1971 - 1974 III",
        "1968 - 1970 II"
      ]
    },
    {
      "Model": "Charger Daytona",
      "Generations": [
        "1969 - 1970 I"
      ]
    },
    {
      "Model": "Colt",
      "Generations": [
        "1992 - 1994 VII"
      ]
    },
    {
      "Model": "Custom Royal",
      "Generations": [
        "1957 - 1959 II",
        "1955 - 1956 I"
      ]
    },
    {
      "Model": "D/W Series",
      "Generations": [
        "1972 - 1980 III"
      ]
    },
    {
      "Model": "D8",
      "Generations": [
        "1937 - 1938"
      ]
    },
    {
      "Model": "Dakota",
      "Generations": [
        "2007 - 2011 III Рестайлинг",
        "2004 - 2007 III",
        "1997 - 2004 II",
        "1987 - 1996 I"
      ]
    },
    {
      "Model": "Dart",
      "Generations": [
        "2012 - 2016 PF",
        "1973 - 1976 IV Рестайлинг 2",
        "1967 - 1969 IV"
      ]
    },
    {
      "Model": "Daytona",
      "Generations": [
        "1984 - 1993"
      ]
    },
    {
      "Model": "Diplomat",
      "Generations": [
        "1977 - 1989 I"
      ]
    },
    {
      "Model": "Durango",
      "Generations": [
        "2020 -  III Рестайлинг 2",
        "2013 - 2020 III Рестайлинг",
        "2010 - 2013 III",
        "2006 - 2009 II Рестайлинг",
        "2003 - 2006 II",
        "1998 - 2003 I"
      ]
    },
    {
      "Model": "Dynasty",
      "Generations": [
        "1987 - 1993"
      ]
    },
    {
      "Model": "Hornet",
      "Generations": [
        "2022 - "
      ]
    },
    {
      "Model": "Intrepid",
      "Generations": [
        "1997 - 2004 II",
        "1992 - 1997 I"
      ]
    },
    {
      "Model": "Journey",
      "Generations": [
        "2011 - 2020 I Рестайлинг",
        "2007 - 2011 I"
      ]
    },
    {
      "Model": "Lancer",
      "Generations": [
        "1985 - 1989"
      ]
    },
    {
      "Model": "Magnum",
      "Generations": [
        "2007 - 2008 II Рестайлинг",
        "2003 - 2007 II",
        "1977 - 1979 I"
      ]
    },
    {
      "Model": "Mayfair",
      "Generations": [
        "1953 - 1959"
      ]
    },
    {
      "Model": "Monaco",
      "Generations": [
        "1990 - 1993"
      ]
    },
    {
      "Model": "Neon",
      "Generations": [
        "2016 - 2021 III",
        "1999 - 2005 II",
        "1994 - 1999 I"
      ]
    },
    {
      "Model": "Nitro",
      "Generations": [
        "2006 - 2011"
      ]
    },
    {
      "Model": "Omni",
      "Generations": [
        "1978 - 1990"
      ]
    },
    {
      "Model": "Polara",
      "Generations": [
        "1969 - 1973 IV",
        "1965 - 1968 III"
      ]
    },
    {
      "Model": "Raider",
      "Generations": [
        "1987 - 1989 I"
      ]
    },
    {
      "Model": "RAM",
      "Generations": [
        "2008 - 2019 IV (DS/DJ)",
        "2001 - 2009 III (DR/DH)",
        "1993 - 2002 II (BR/BE)",
        "1980 - 1993 I (D/W)"
      ]
    },
    {
      "Model": "RAM Van",
      "Generations": [
        "1993 - 2003 III",
        "1979 - 1993 II"
      ]
    },
    {
      "Model": "Ramcharger",
      "Generations": [
        "1999 - 2001 III",
        "1981 - 1996 II",
        "1974 - 1980 I"
      ]
    },
    {
      "Model": "Shadow",
      "Generations": [
        "1986 - 1994"
      ]
    },
    {
      "Model": "Spirit",
      "Generations": [
        "1988 - 1995"
      ]
    },
    {
      "Model": "Stealth",
      "Generations": [
        "1990 - 1996"
      ]
    },
    {
      "Model": "Stratus",
      "Generations": [
        "2002 - 2006 II Рестайлинг",
        "2000 - 2003 II",
        "1995 - 2000 I"
      ]
    },
    {
      "Model": "Super Bee",
      "Generations": [
        "1968 - 1970"
      ]
    },
    {
      "Model": "Viper",
      "Generations": [
        "2012 - 2017 V",
        "2007 - 2010 IV",
        "2002 - 2007 III",
        "1995 - 2002 II",
        "1992 - 1995 I"
      ]
    },
    {
      "Model": "WC series",
      "Generations": [
        "1942 - 1945 T214",
        "1941 - 1942 T207"
      ]
    }
  ]
}