﻿{
  "Make": "Citroen",
  "Models": [
    {
      "Model": "2 CV",
      "Generations": [
        "1963 - 1990"
      ]
    },
    {
      "Model": "Ami",
      "Generations": [
        "1961 - 1978"
      ]
    },
    {
      "Model": "Ami EV",
      "Generations": [
        "2020 - "
      ]
    },
    {
      "Model": "AX",
      "Generations": [
        "1986 - 1998"
      ]
    },
    {
      "Model": "Berlingo",
      "Generations": [
        "2018 -  III",
        "2015 - 2022 II Рестайлинг 2",
        "2012 - 2015 II Рестайлинг",
        "2008 - 2012 II",
        "2002 - 2012 I Рестайлинг",
        "1996 - 2002 I"
      ]
    },
    {
      "Model": "BX",
      "Generations": [
        "1982 - 1994"
      ]
    },
    {
      "Model": "C-Crosser",
      "Generations": [
        "2007 - 2013"
      ]
    },
    {
      "Model": "C-Elysee",
      "Generations": [
        "2016 -  I Рестайлинг",
        "2012 - 2016 I"
      ]
    },
    {
      "Model": "C-Quatre",
      "Generations": [
        "2013 - 2016 II",
        "2008 - 2012 I"
      ]
    },
    {
      "Model": "C-Triomphe",
      "Generations": [
        "2006 - 2010 I"
      ]
    },
    {
      "Model": "C-ZERO",
      "Generations": [
        "2010 - 2012"
      ]
    },
    {
      "Model": "C1",
      "Generations": [
        "2014 - 2022 II",
        "2012 - 2014 I Рестайлинг 2",
        "2008 - 2012 I Рестайлинг",
        "2005 - 2008 I"
      ]
    },
    {
      "Model": "C2",
      "Generations": [
        "2003 - 2009"
      ]
    },
    {
      "Model": "C3",
      "Generations": [
        "2024 -  IV",
        "2020 -  III Рестайлинг",
        "2016 - 2020 III",
        "2013 - 2016 II Рестайлинг",
        "2009 - 2013 II",
        "2005 - 2010 I Рестайлинг",
        "2002 - 2006 I"
      ]
    },
    {
      "Model": "C3 Aircross",
      "Generations": [
        "2024 -  II",
        "2021 -  I Рестайлинг",
        "2017 - 2021 I"
      ]
    },
    {
      "Model": "C3 Picasso",
      "Generations": [
        "2012 - 2017 I Рестайлинг",
        "2008 - 2012 I"
      ]
    },
    {
      "Model": "C4",
      "Generations": [
        "2020 -  III",
        "2015 - 2022 II Рестайлинг",
        "2010 - 2016 II",
        "2008 - 2011 I Рестайлинг",
        "2004 - 2014 I"
      ]
    },
    {
      "Model": "C4 Aircross",
      "Generations": [
        "2012 - 2017"
      ]
    },
    {
      "Model": "C4 Cactus",
      "Generations": [
        "2018 -  I Рестайлинг",
        "2014 - 2017 I"
      ]
    },
    {
      "Model": "C4 Picasso",
      "Generations": [
        "2016 - 2018 II Рестайлинг",
        "2013 - 2016 II",
        "2006 - 2013 I"
      ]
    },
    {
      "Model": "C4 SpaceTourer",
      "Generations": [
        "2018 - 2022 I"
      ]
    },
    {
      "Model": "C5",
      "Generations": [
        "2007 - 2017 II",
        "2004 - 2008 I Рестайлинг",
        "2000 - 2004 I"
      ]
    },
    {
      "Model": "C5 Aircross",
      "Generations": [
        "2022 -  I Рестайлинг",
        "2018 - 2022 I"
      ]
    },
    {
      "Model": "C5 X",
      "Generations": [
        "2021 - "
      ]
    },
    {
      "Model": "C6",
      "Generations": [
        "2004 - 2012"
      ]
    },
    {
      "Model": "C8",
      "Generations": [
        "2008 - 2014 I Рестайлинг",
        "2002 - 2008 I"
      ]
    },
    {
      "Model": "CX",
      "Generations": [
        "1985 - 1991 II",
        "1974 - 1985 I"
      ]
    },
    {
      "Model": "DS",
      "Generations": [
        "1967 - 1976 I Рестайлинг 2",
        "1962 - 1967 I Рестайлинг 1",
        "1955 - 1962 I"
      ]
    },
    {
      "Model": "DS3",
      "Generations": [
        "2014 - 2015 I Рестайлинг",
        "2009 - 2014 I"
      ]
    },
    {
      "Model": "DS4",
      "Generations": [
        "2010 - 2015"
      ]
    },
    {
      "Model": "DS5",
      "Generations": [
        "2012 - 2015"
      ]
    },
    {
      "Model": "Dyane",
      "Generations": [
        "1967 - 1984"
      ]
    },
    {
      "Model": "E-Mehari",
      "Generations": [
        "2016 - 2019 I"
      ]
    },
    {
      "Model": "Evasion",
      "Generations": [
        "1994 - 2002"
      ]
    },
    {
      "Model": "GS",
      "Generations": [
        "1971 - 1986"
      ]
    },
    {
      "Model": "Jumpy",
      "Generations": [
        "2016 -  III",
        "2012 - 2016 II Рестайлинг",
        "2006 - 2012 II",
        "1994 - 2007 I"
      ]
    },
    {
      "Model": "LN",
      "Generations": [
        "1976 - 1986"
      ]
    },
    {
      "Model": "Nemo",
      "Generations": [
        "2007 - 2017 I"
      ]
    },
    {
      "Model": "Saxo",
      "Generations": [
        "1996 - 2003"
      ]
    },
    {
      "Model": "SM",
      "Generations": [
        "1970 - 1975"
      ]
    },
    {
      "Model": "SpaceTourer",
      "Generations": [
        "2016 -  I"
      ]
    },
    {
      "Model": "Traction Avant",
      "Generations": [
        "1934 - 1957"
      ]
    },
    {
      "Model": "Visa",
      "Generations": [
        "1978 - 1991"
      ]
    },
    {
      "Model": "Xantia",
      "Generations": [
        "1998 - 2002 I Рестайлинг",
        "1992 - 1998 I"
      ]
    },
    {
      "Model": "XM",
      "Generations": [
        "1994 - 2000 II",
        "1989 - 1994 I"
      ]
    },
    {
      "Model": "Xsara",
      "Generations": [
        "1997 - 2006"
      ]
    },
    {
      "Model": "Xsara Picasso",
      "Generations": [
        "1999 - 2012"
      ]
    },
    {
      "Model": "ZX",
      "Generations": [
        "1991 - 1998"
      ]
    }
  ]
}