﻿{
  "Make": "Donkervoort",
  "Models": [
    {
      "Model": "D8",
      "Generations": [
        "2001 - 2007"
      ]
    },
    {
      "Model": "D8 Cosworth",
      "Generations": [
        "1994 - 1998"
      ]
    },
    {
      "Model": "D8 GT",
      "Generations": [
        "2007 - 2012"
      ]
    },
    {
      "Model": "D8 GTO",
      "Generations": [
        "2013 - "
      ]
    },
    {
      "Model": "D8 Zetec",
      "Generations": [
        "1993 - 1998"
      ]
    }
  ]
}