﻿{
  "Make": "GAC Trumpchi",
  "Models": [
    {
      "Model": "E8",
      "Generations": [
        "2023 - "
      ]
    },
    {
      "Model": "E9",
      "Generations": [
        "2023 - "
      ]
    },
    {
      "Model": "Emkoo",
      "Generations": [
        "2022 - "
      ]
    },
    {
      "Model": "Empow",
      "Generations": [
        "2021 - "
      ]
    },
    {
      "Model": "ES9",
      "Generations": [
        "2024 -  I Рестайлинг",
        "2023 -  I"
      ]
    },
    {
      "Model": "GA4 Plus",
      "Generations": [
        "2021 - 2022"
      ]
    },
    {
      "Model": "GA6",
      "Generations": [
        "2019 - 2023"
      ]
    },
    {
      "Model": "GA8",
      "Generations": [
        "2020 - 2023"
      ]
    },
    {
      "Model": "GE3",
      "Generations": [
        "2017 - 2020"
      ]
    },
    {
      "Model": "GM6",
      "Generations": [
        "2018 - 2020"
      ]
    },
    {
      "Model": "GM8",
      "Generations": [
        "2017 - 2020"
      ]
    },
    {
      "Model": "GS3",
      "Generations": [
        "2022 -  II",
        "2017 - 2020 I"
      ]
    },
    {
      "Model": "GS3 Power",
      "Generations": [
        "2020 - 2022"
      ]
    },
    {
      "Model": "GS4",
      "Generations": [
        "2022 -  II Рестайлинг",
        "2019 -  II"
      ]
    },
    {
      "Model": "GS4 Max",
      "Generations": [
        "2024 - "
      ]
    },
    {
      "Model": "GS4 Plus",
      "Generations": [
        "2021 - "
      ]
    },
    {
      "Model": "M6",
      "Generations": [
        "2020 - 2021"
      ]
    },
    {
      "Model": "M6 Max",
      "Generations": [
        "2024 - "
      ]
    },
    {
      "Model": "M6 Pro",
      "Generations": [
        "2021 - "
      ]
    },
    {
      "Model": "M8",
      "Generations": [
        "2022 -  II",
        "2020 - 2022 I"
      ]
    }
  ]
}