﻿{
  "Make": "Cadillac",
  "Models": [
    {
      "Model": "Allante",
      "Generations": [
        "1989 - 1996"
      ]
    },
    {
      "Model": "ATS",
      "Generations": [
        "2014 - 2019 I Рестайлинг",
        "2012 - 2014 I"
      ]
    },
    {
      "Model": "ATS-V",
      "Generations": [
        "2015 - 2019"
      ]
    },
    {
      "Model": "BLS",
      "Generations": [
        "2006 - 2009"
      ]
    },
    {
      "Model": "Brougham",
      "Generations": [
        "1987 - 1992"
      ]
    },
    {
      "Model": "Catera",
      "Generations": [
        "1996 - 2001"
      ]
    },
    {
      "Model": "CT4",
      "Generations": [
        "2019 -  I"
      ]
    },
    {
      "Model": "CT4-V",
      "Generations": [
        "2019 -  I"
      ]
    },
    {
      "Model": "CT5",
      "Generations": [
        "2024 -  I Рестайлинг",
        "2019 -  I"
      ]
    },
    {
      "Model": "CT5-V",
      "Generations": [
        "2024 -  I Рестайлинг",
        "2019 -  I"
      ]
    },
    {
      "Model": "CT6",
      "Generations": [
        "2023 -  II",
        "2018 - 2023 I Рестайлинг",
        "2016 - 2019 I"
      ]
    },
    {
      "Model": "CTS",
      "Generations": [
        "2013 - 2019 III",
        "2007 - 2014 II",
        "2002 - 2007 I"
      ]
    },
    {
      "Model": "CTS-V",
      "Generations": [
        "2015 - 2019 III",
        "2008 - 2013 II",
        "2004 - 2007 I"
      ]
    },
    {
      "Model": "DeVille",
      "Generations": [
        "1999 - 2005 VIII",
        "1994 - 1999 VII",
        "1985 - 1993 VI",
        "1977 - 1984 V",
        "1971 - 1976 IV",
        "1965 - 1970 III",
        "1961 - 1964 II",
        "1958 - 1960 I"
      ]
    },
    {
      "Model": "DTS",
      "Generations": [
        "2005 - 2011"
      ]
    },
    {
      "Model": "Eldorado",
      "Generations": [
        "1992 - 2002 X",
        "1986 - 1991 IX",
        "1979 - 1985 VIII",
        "1971 - 1978 VII",
        "1967 - 1970 VI",
        "1965 - 1966 V",
        "1960 - 1964 IV",
        "1957 - 1959 III",
        "1954 - 1956 II",
        "1953 - 1953 I"
      ]
    },
    {
      "Model": "ELR",
      "Generations": [
        "2015 - 2016 I Рестайлинг",
        "2013 - 2015 I"
      ]
    },
    {
      "Model": "Escalade",
      "Generations": [
        "2020 -  V",
        "2014 - 2020 IV",
        "2006 - 2014 III",
        "2001 - 2006 II",
        "1998 - 2000 I"
      ]
    },
    {
      "Model": "Escalade-V",
      "Generations": [
        "2022 - "
      ]
    },
    {
      "Model": "Fleetwood",
      "Generations": [
        "1993 - 1996 II",
        "1984 - 1992 I",
        "1980 - 1986 Brougham II Рестайлинг",
        "1977 - 1984 Limousine",
        "1956 - 1976 75 Series"
      ]
    },
    {
      "Model": "GT4",
      "Generations": [
        "2023 - "
      ]
    },
    {
      "Model": "LSE",
      "Generations": [
        "1993 - 1996"
      ]
    },
    {
      "Model": "Lyriq",
      "Generations": [
        "2022 - "
      ]
    },
    {
      "Model": "Model 30",
      "Generations": [
        "1909 - 1914"
      ]
    },
    {
      "Model": "Optiq",
      "Generations": [
        "2024 - "
      ]
    },
    {
      "Model": "Series 314",
      "Generations": [
        "1925 - 1927"
      ]
    },
    {
      "Model": "Series 341",
      "Generations": [
        "1927 - 1929"
      ]
    },
    {
      "Model": "Series 62",
      "Generations": [
        "1954 - 1956 IV",
        "1940 - 1941 I"
      ]
    },
    {
      "Model": "Seville",
      "Generations": [
        "1998 - 2004 V",
        "1992 - 1997 IV",
        "1986 - 1991 III",
        "1980 - 1985 II",
        "1975 - 1979 I"
      ]
    },
    {
      "Model": "Sixty Special",
      "Generations": [
        "1971 - 1976 X"
      ]
    },
    {
      "Model": "SRX",
      "Generations": [
        "2012 - 2016 II Рестайлинг",
        "2009 - 2012 II",
        "2003 - 2009 I"
      ]
    },
    {
      "Model": "STS",
      "Generations": [
        "2007 - 2011 I Рестайлинг",
        "2004 - 2007 I"
      ]
    },
    {
      "Model": "XLR",
      "Generations": [
        "2003 - 2009"
      ]
    },
    {
      "Model": "XT4",
      "Generations": [
        "2023 -  I Рестайлинг",
        "2018 - 2023 I"
      ]
    },
    {
      "Model": "XT5",
      "Generations": [
        "2019 -  I Рестайлинг",
        "2016 - 2019 I"
      ]
    },
    {
      "Model": "XT6",
      "Generations": [
        "2019 -  I"
      ]
    },
    {
      "Model": "XTS",
      "Generations": [
        "2017 - 2019 I Рестайлинг",
        "2012 - 2017 I"
      ]
    }
  ]
}