﻿{
  "Make": "Genesis",
  "Models": [
    {
      "Model": "G70",
      "Generations": [
        "2020 -  I Рестайлинг",
        "2017 - 2021 I"
      ]
    },
    {
      "Model": "G80",
      "Generations": [
        "2020 -  II",
        "2016 - 2020 I"
      ]
    },
    {
      "Model": "G90",
      "Generations": [
        "2021 -  II",
        "2018 - 2022 I Рестайлинг",
        "2016 - 2019 I"
      ]
    },
    {
      "Model": "GV60",
      "Generations": [
        "2021 -  I"
      ]
    },
    {
      "Model": "GV70",
      "Generations": [
        "2024 -  I Рестайлинг",
        "2020 -  I"
      ]
    },
    {
      "Model": "GV80",
      "Generations": [
        "2023 -  I Рестайлинг",
        "2020 -  I"
      ]
    },
    {
      "Model": "GV80 Coupe",
      "Generations": [
        "2023 - "
      ]
    }
  ]
}