﻿{
  "Make": "BMW",
  "Models": [
    {
      "Model": "02 (E10)",
      "Generations": [
        "1966 - 1977 I"
      ]
    },
    {
      "Model": "1 серии",
      "Generations": [
        "2024 -  IV (F70)",
        "2019 -  III (F52) Рестайлинг",
        "2019 -  III (F40)",
        "2017 - 2019 III (F52)",
        "2017 - 2019 II (F20/F21) Рестайлинг 2",
        "2015 - 2017 II (F20/F21) Рестайлинг",
        "2011 - 2015 II (F20/F21)",
        "2011 - 2014 I (E82/E88) Рестайлинг 2",
        "2007 - 2011 I (E81/E82/E87/E88) Рестайлинг",
        "2004 - 2007 I (E81/E82/E87/E88)"
      ]
    },
    {
      "Model": "1M",
      "Generations": [
        "2010 - 2012 I (E82)"
      ]
    },
    {
      "Model": "2 серии",
      "Generations": [
        "2024 -  G42 Рестайлинг",
        "2021 -  G42",
        "2019 -  F44",
        "2017 - 2021 F22 Рестайлинг",
        "2014 - 2017 F22"
      ]
    },
    {
      "Model": "2 серии Active Tourer",
      "Generations": [
        "2021 -  U06",
        "2018 - 2021 F45 Рестайлинг",
        "2014 - 2018 F45"
      ]
    },
    {
      "Model": "2 серии Gran Tourer",
      "Generations": [
        "2018 - 2022 F46 Рестайлинг",
        "2015 - 2018 F46"
      ]
    },
    {
      "Model": "2000 C/CS",
      "Generations": [
        "1965 - 1970 I"
      ]
    },
    {
      "Model": "3 серии",
      "Generations": [
        "2024 -  VII (G2x) Рестайлинг 2",
        "2022 -  VII (G2x) Рестайлинг",
        "2018 - 2022 VII (G2x)",
        "2015 - 2020 VI (F3x) Рестайлинг",
        "2011 - 2016 VI (F3x)",
        "2008 - 2013 V (E90/E91/E92/E93) Рестайлинг",
        "2004 - 2010 V (E90/E91/E92/E93)",
        "2001 - 2007 IV (E46) Рестайлинг",
        "1998 - 2003 IV (E46)",
        "1990 - 2000 III (E36)",
        "1982 - 1994 II (E30)",
        "1975 - 1983 I (E21)"
      ]
    },
    {
      "Model": "3/15",
      "Generations": [
        "1931 - 1932 DA-4",
        "1929 - 1931 DA-2",
        "1927 - 1929 DA-1"
      ]
    },
    {
      "Model": "315",
      "Generations": [
        "1934 - 1937"
      ]
    },
    {
      "Model": "3200",
      "Generations": [
        "1962 - 1965"
      ]
    },
    {
      "Model": "321",
      "Generations": [
        "1937 - 1950 I"
      ]
    },
    {
      "Model": "326",
      "Generations": [
        "1936 - 1946 I"
      ]
    },
    {
      "Model": "327",
      "Generations": [
        "1937 - 1941"
      ]
    },
    {
      "Model": "340",
      "Generations": [
        "1949 - 1953 I"
      ]
    },
    {
      "Model": "4 серии",
      "Generations": [
        "2024 -  G22, G23 Рестайлинг",
        "2020 -  G22, G23, G26",
        "2017 - 2021 F32/F33/F36 Рестайлинг",
        "2013 - 2017 F32/F33/F36"
      ]
    },
    {
      "Model": "5 серии",
      "Generations": [
        "2023 -  VIII (G60/G61/G68)",
        "2020 - 2023 VII (G30/G31) Рестайлинг",
        "2017 - 2020 VII (G30/G31)",
        "2013 - 2017 VI (F10/F11/F07) Рестайлинг",
        "2009 - 2013 VI (F10/F11/F07)",
        "2007 - 2010 V (E60/E61) Рестайлинг",
        "2003 - 2007 V (E60/E61)",
        "2000 - 2004 IV (E39) Рестайлинг",
        "1995 - 2000 IV (E39)",
        "1987 - 1996 III (E34)",
        "1981 - 1988 II (E28)",
        "1976 - 1981 I (E12) Рестайлинг",
        "1972 - 1976 I (E12)"
      ]
    },
    {
      "Model": "501",
      "Generations": [
        "1952 - 1958"
      ]
    },
    {
      "Model": "502",
      "Generations": [
        "1954 - 1961"
      ]
    },
    {
      "Model": "503",
      "Generations": [
        "1956 - 1959"
      ]
    },
    {
      "Model": "507",
      "Generations": [
        "1956 - 1959"
      ]
    },
    {
      "Model": "6 серии",
      "Generations": [
        "2020 -  IV (G32) Рестайлинг",
        "2017 - 2020 IV (G32)",
        "2015 - 2018 III (F06/F13/F12) Рестайлинг",
        "2011 - 2015 III (F06/F13/F12)",
        "2007 - 2010 II (E63/E64) Рестайлинг",
        "2003 - 2007 II (E63/E64)",
        "1976 - 1989 I (E24)"
      ]
    },
    {
      "Model": "600",
      "Generations": [
        "1957 - 1959"
      ]
    },
    {
      "Model": "7 серии",
      "Generations": [
        "2022 -  VII (G70)",
        "2019 - 2022 VI (G11/G12) Рестайлинг",
        "2015 - 2019 VI (G11/G12)",
        "2012 - 2015 V (F01/F02/F04) Рестайлинг",
        "2008 - 2012 V (F01/F02/F04)",
        "2005 - 2008 IV (E65/E66) Рестайлинг",
        "2001 - 2005 IV (E65/E66)",
        "1998 - 2001 III (E38) Рестайлинг",
        "1994 - 1998 III (E38)",
        "1986 - 1994 II (E32)",
        "1977 - 1986 I (E23)"
      ]
    },
    {
      "Model": "700",
      "Generations": [
        "1959 - 1965"
      ]
    },
    {
      "Model": "8 серии",
      "Generations": [
        "2022 -  II (G14/G15/G16) Рестайлинг",
        "2018 - 2022 II (G14/G15/G16)",
        "1989 - 1999 I (E31)"
      ]
    },
    {
      "Model": "E3",
      "Generations": [
        "1968 - 1977"
      ]
    },
    {
      "Model": "E9",
      "Generations": [
        "1968 - 1975"
      ]
    },
    {
      "Model": "i3",
      "Generations": [
        "2022 -  I (G28)",
        "2017 - 2022 I (I01) Рестайлинг",
        "2013 - 2017 I (I01)"
      ]
    },
    {
      "Model": "i4",
      "Generations": [
        "2024 -  G26 Рестайлинг",
        "2021 -  G26"
      ]
    },
    {
      "Model": "i5",
      "Generations": [
        "2023 - "
      ]
    },
    {
      "Model": "i7",
      "Generations": [
        "2022 - "
      ]
    },
    {
      "Model": "i8",
      "Generations": [
        "2017 - 2020 I Рестайлинг",
        "2014 - 2017 I"
      ]
    },
    {
      "Model": "iX",
      "Generations": [
        "2021 -  I (I20)"
      ]
    },
    {
      "Model": "iX1",
      "Generations": [
        "2022 - "
      ]
    },
    {
      "Model": "iX2",
      "Generations": [
        "2023 - "
      ]
    },
    {
      "Model": "iX3",
      "Generations": [
        "2021 -  I (G08) Рестайлинг",
        "2020 - 2021 I (G08)"
      ]
    },
    {
      "Model": "M1",
      "Generations": [
        "1978 - 1981"
      ]
    },
    {
      "Model": "M2",
      "Generations": [
        "2024 -  G87 Рестайлинг",
        "2022 -  G87",
        "2017 - 2021 F87 Рестайлинг",
        "2015 - 2017 F87"
      ]
    },
    {
      "Model": "M3",
      "Generations": [
        "2024 -  VI (G80) Рестайлинг",
        "2020 -  VI (G80)",
        "2014 - 2018 V (F80)",
        "2007 - 2013 IV (E90)",
        "1999 - 2006 III (E46)",
        "1992 - 1999 II (E36)",
        "1986 - 1991 I (E30)"
      ]
    },
    {
      "Model": "M4",
      "Generations": [
        "2024 -  G82/G83 Рестайлинг",
        "2020 -  G82/G83",
        "2017 - 2020 F82/F83 Рестайлинг",
        "2014 - 2017 F82/F83"
      ]
    },
    {
      "Model": "M5",
      "Generations": [
        "2024 -  VII (G90)",
        "2020 -  VI (F90) Рестайлинг",
        "2017 - 2020 VI (F90)",
        "2013 - 2016 V (F10) Рестайлинг",
        "2011 - 2013 V (F10)",
        "2004 - 2010 IV (E60/E61)",
        "1998 - 2003 III (E39)",
        "1988 - 1995 II (E34)",
        "1985 - 1988 I (E28)"
      ]
    },
    {
      "Model": "M6",
      "Generations": [
        "2012 - 2018 III (F06/F13/F12)",
        "2005 - 2010 II (E63/E64)",
        "1984 - 1989 I (E24)"
      ]
    },
    {
      "Model": "M8",
      "Generations": [
        "2022 -  I (F91/F92/F93) Рестайлинг",
        "2019 - 2022 I (F91/F92/F93)"
      ]
    },
    {
      "Model": "New Class",
      "Generations": [
        "1966 - 1972 2000",
        "1965 - 1969 2000 C/CS",
        "1963 - 1971 1800",
        "1962 - 1964 1500"
      ]
    },
    {
      "Model": "X1",
      "Generations": [
        "2022 -  III (U11/U12)",
        "2019 - 2022 II (F48) Рестайлинг",
        "2015 - 2019 II (F48)",
        "2012 - 2015 I (E84) Рестайлинг",
        "2009 - 2012 I (E84)"
      ]
    },
    {
      "Model": "X2",
      "Generations": [
        "2023 -  II (U10)",
        "2017 - 2023 I (F39)"
      ]
    },
    {
      "Model": "X3",
      "Generations": [
        "2024 -  IV (G45)",
        "2021 -  III (G01) Рестайлинг",
        "2017 - 2021 III (G01)",
        "2014 - 2017 II (F25) Рестайлинг",
        "2010 - 2014 II (F25)",
        "2006 - 2010 I (E83) Рестайлинг",
        "2003 - 2006 I (E83)"
      ]
    },
    {
      "Model": "X3 M",
      "Generations": [
        "2021 -  I (F97) Рестайлинг",
        "2019 - 2021 I (F97)"
      ]
    },
    {
      "Model": "X4",
      "Generations": [
        "2021 -  II (G02) Рестайлинг",
        "2018 - 2021 II (G02)",
        "2014 - 2018 I (F26)"
      ]
    },
    {
      "Model": "X4 M",
      "Generations": [
        "2021 -  I (F98) Рестайлинг",
        "2019 - 2021 I (F98)"
      ]
    },
    {
      "Model": "X5",
      "Generations": [
        "2023 -  IV (G05/G18) Рестайлинг",
        "2018 - 2023 IV (G05/G18)",
        "2013 - 2018 III (F15)",
        "2010 - 2013 II (E70) Рестайлинг",
        "2006 - 2010 II (E70)",
        "2003 - 2006 I (E53) Рестайлинг",
        "1999 - 2003 I (E53)"
      ]
    },
    {
      "Model": "X5 M",
      "Generations": [
        "2023 -  III (F95) Рестайлинг",
        "2019 - 2023 III (F95)",
        "2014 - 2018 II (F85)",
        "2009 - 2013 I (E70)"
      ]
    },
    {
      "Model": "X6",
      "Generations": [
        "2023 -  III (G06) Рестайлинг",
        "2019 - 2023 III (G06)",
        "2014 - 2019 II (F16)",
        "2012 - 2014 I (E71) Рестайлинг",
        "2007 - 2012 I (E71)"
      ]
    },
    {
      "Model": "X6 M",
      "Generations": [
        "2023 -  III (F96) Рестайлинг",
        "2019 - 2023 III (F96)",
        "2014 - 2019 II (F86)",
        "2012 - 2014 I (E71) Рестайлинг",
        "2009 - 2012 I (E71)"
      ]
    },
    {
      "Model": "X7",
      "Generations": [
        "2022 -  I (G07) Рестайлинг",
        "2019 - 2022 I (G07)"
      ]
    },
    {
      "Model": "XM",
      "Generations": [
        "2022 - "
      ]
    },
    {
      "Model": "Z1",
      "Generations": [
        "1988 - 1991"
      ]
    },
    {
      "Model": "Z3",
      "Generations": [
        "2000 - 2002 I Рестайлинг",
        "1995 - 2000 I"
      ]
    },
    {
      "Model": "Z3 M",
      "Generations": [
        "2001 - 2002 I Рестайлинг (E36)",
        "1997 - 2000 I (E36)"
      ]
    },
    {
      "Model": "Z4",
      "Generations": [
        "2022 -  III (G29) Рестайлинг",
        "2018 - 2022 III (G29)",
        "2013 - 2017 II (E89) Рестайлинг",
        "2009 - 2013 II (E89)",
        "2005 - 2009 I (E85/E86) Рестайлинг",
        "2002 - 2005 I (E85/E86)"
      ]
    },
    {
      "Model": "Z4 M",
      "Generations": [
        "2006 - 2009"
      ]
    },
    {
      "Model": "Z8",
      "Generations": [
        "2000 - 2003"
      ]
    }
  ]
}