﻿{
  "Make": "Honda",
  "Models": [
    {
      "Model": "145",
      "Generations": [
        "1972 - 1974 I"
      ]
    },
    {
      "Model": "Accord",
      "Generations": [
        "2023 -  XI",
        "2020 - 2023 X Рестайлинг",
        "2017 - 2020 X",
        "2015 - 2019 IX Рестайлинг",
        "2014 - 2015 IX Рестайлинг (CIS)",
        "2012 - 2016 IX",
        "2011 - 2015 VIII Рестайлинг",
        "2007 - 2011 VIII",
        "2005 - 2008 VII Рестайлинг",
        "2002 - 2006 VII",
        "1997 - 2002 VI",
        "1993 - 1998 V",
        "1989 - 1994 IV",
        "1985 - 1989 III",
        "1981 - 1985 II",
        "1976 - 1981 I"
      ]
    },
    {
      "Model": "Acty",
      "Generations": [
        "1999 - 2018 III"
      ]
    },
    {
      "Model": "Airwave",
      "Generations": [
        "2008 - 2010 I Рестайлинг",
        "2005 - 2008 I"
      ]
    },
    {
      "Model": "Ascot",
      "Generations": [
        "1993 - 1997 II (CE)",
        "1989 - 1993 I (CB)"
      ]
    },
    {
      "Model": "Ascot Innova",
      "Generations": [
        "1992 - 1996"
      ]
    },
    {
      "Model": "Avancier",
      "Generations": [
        "2020 -  II Рестайлинг",
        "2016 - 2020 II",
        "2001 - 2003 I Рестайлинг",
        "1999 - 2001 I"
      ]
    },
    {
      "Model": "Ballade",
      "Generations": [
        "1983 - 1987 II",
        "1980 - 1983 I"
      ]
    },
    {
      "Model": "Beat",
      "Generations": [
        "1991 - 1996"
      ]
    },
    {
      "Model": "Breeze",
      "Generations": [
        "2022 -  II",
        "2019 - 2022 I"
      ]
    },
    {
      "Model": "Brio",
      "Generations": [
        "2011 - 2018 I"
      ]
    },
    {
      "Model": "Capa",
      "Generations": [
        "1998 - 2002"
      ]
    },
    {
      "Model": "City",
      "Generations": [
        "2019 -  VII",
        "2017 - 2023 VI Рестайлинг",
        "2013 - 2017 VI",
        "2008 - 2014 V",
        "2002 - 2008 IV",
        "1996 - 2002 III",
        "1986 - 1994 II",
        "1981 - 1986 I"
      ]
    },
    {
      "Model": "Civic",
      "Generations": [
        "2024 -  XI Рестайлинг",
        "2021 -  XI",
        "2015 - 2021 X",
        "2013 - 2017 IX Рестайлинг",
        "2011 - 2015 IX",
        "2008 - 2012 VIII Рестайлинг",
        "2005 - 2009 VIII",
        "2003 - 2006 VII Рестайлинг",
        "2000 - 2003 VII",
        "1998 - 2002 VI Рестайлинг",
        "1995 - 1998 VI",
        "1991 - 1997 V",
        "1987 - 1996 IV",
        "1983 - 1987 III",
        "1979 - 1983 II",
        "1972 - 1979 I"
      ]
    },
    {
      "Model": "Civic Ferio",
      "Generations": [
        "2000 - 2006 III",
        "1995 - 2000 II",
        "1991 - 1995 I"
      ]
    },
    {
      "Model": "Civic Type R",
      "Generations": [
        "2022 -  XI",
        "2017 - 2022 X",
        "2015 - 2016 IX",
        "2008 - 2011 VIII Рестайлинг",
        "2006 - 2008 VIII",
        "2003 - 2005 VII Рестайлинг",
        "2001 - 2003 VII",
        "1997 - 2000 VI"
      ]
    },
    {
      "Model": "Clarity",
      "Generations": [
        "2016 - 2021 II",
        "2008 - 2014 I"
      ]
    },
    {
      "Model": "Concerto",
      "Generations": [
        "1988 - 1994"
      ]
    },
    {
      "Model": "CR-V",
      "Generations": [
        "2022 -  VI",
        "2019 -  V Рестайлинг",
        "2016 - 2023 V",
        "2014 - 2018 IV Рестайлинг",
        "2011 - 2015 IV",
        "2009 - 2012 III Рестайлинг",
        "2006 - 2009 III",
        "2004 - 2006 II Рестайлинг",
        "2001 - 2004 II",
        "1999 - 2001 I Рестайлинг",
        "1995 - 1999 I"
      ]
    },
    {
      "Model": "CR-X",
      "Generations": [
        "1992 - 1998 III",
        "1987 - 1992 II",
        "1983 - 1987 I"
      ]
    },
    {
      "Model": "CR-Z",
      "Generations": [
        "2015 - 2017 I Рестайлинг 2",
        "2012 - 2015 I Рестайлинг",
        "2010 - 2012 I"
      ]
    },
    {
      "Model": "Crider",
      "Generations": [
        "2021 -  II Рестайлинг",
        "2018 - 2021 II",
        "2013 - 2018 I"
      ]
    },
    {
      "Model": "Crossroad",
      "Generations": [
        "2007 - 2010"
      ]
    },
    {
      "Model": "Crosstour",
      "Generations": [
        "2012 - 2015 I Рестайлинг",
        "2009 - 2012 I"
      ]
    },
    {
      "Model": "Domani",
      "Generations": [
        "1997 - 2000 II",
        "1992 - 1996 I"
      ]
    },
    {
      "Model": "e",
      "Generations": [
        "2019 - "
      ]
    },
    {
      "Model": "e:NP1",
      "Generations": [
        "2022 - "
      ]
    },
    {
      "Model": "e:NS1",
      "Generations": [
        "2022 - "
      ]
    },
    {
      "Model": "Edix",
      "Generations": [
        "2004 - 2009"
      ]
    },
    {
      "Model": "Element",
      "Generations": [
        "2008 - 2011 I Рестайлинг 2",
        "2006 - 2008 I Рестайлинг",
        "2002 - 2006 I"
      ]
    },
    {
      "Model": "Elevate",
      "Generations": [
        "2023 - "
      ]
    },
    {
      "Model": "Elysion",
      "Generations": [
        "2022 -  (China Market) II Рестайлинг 2",
        "2019 - 2022 (China Market) II Рестайлинг",
        "2016 - 2019 (China Market) II",
        "2012 - 2015 (China Market) I",
        "2006 - 2013 I Рестайлинг",
        "2004 - 2006 I"
      ]
    },
    {
      "Model": "Envix",
      "Generations": [
        "2019 - "
      ]
    },
    {
      "Model": "Fit",
      "Generations": [
        "2022 -  IV Рестайлинг",
        "2020 - 2022 IV",
        "2017 - 2020 III Рестайлинг",
        "2013 - 2017 III",
        "2007 - 2014 II",
        "2001 - 2008 I"
      ]
    },
    {
      "Model": "Fit Aria",
      "Generations": [
        "2002 - 2009"
      ]
    },
    {
      "Model": "Fit Shuttle",
      "Generations": [
        "2013 - 2015 I Рестайлинг",
        "2011 - 2013 I"
      ]
    },
    {
      "Model": "FR-V",
      "Generations": [
        "2004 - 2009"
      ]
    },
    {
      "Model": "Freed",
      "Generations": [
        "2019 -  II Рестайлинг",
        "2016 - 2019 II",
        "2008 - 2016 I"
      ]
    },
    {
      "Model": "Grace",
      "Generations": [
        "2017 - 2020 I Рестайлинг",
        "2014 - 2017 I"
      ]
    },
    {
      "Model": "Horizon",
      "Generations": [
        "1994 - 1999"
      ]
    },
    {
      "Model": "HR-V",
      "Generations": [
        "2022 -  III (North America and China)",
        "2021 -  III",
        "2018 - 2022 II Рестайлинг",
        "2013 - 2018 II",
        "2001 - 2006 I Рестайлинг",
        "1998 - 2001 I"
      ]
    },
    {
      "Model": "Insight",
      "Generations": [
        "2018 -  III",
        "2011 - 2014 II Рестайлинг",
        "2009 - 2011 II",
        "1999 - 2006 I"
      ]
    },
    {
      "Model": "Inspire",
      "Generations": [
        "2023 -  VII",
        "2021 - 2023 VI Рестайлинг",
        "2018 - 2021 VI",
        "2010 - 2012 V Рестайлинг",
        "2007 - 2010 V",
        "2005 - 2007 IV Рестайлинг",
        "2003 - 2005 IV",
        "2001 - 2003 III Рестайлинг",
        "1998 - 2001 III",
        "1995 - 1998 II",
        "1992 - 1995 I Рестайлинг",
        "1989 - 1992 I"
      ]
    },
    {
      "Model": "Integra",
      "Generations": [
        "2021 -  V",
        "2004 - 2006 IV Рестайлинг",
        "2001 - 2004 IV",
        "1995 - 2001 III Рестайлинг",
        "1993 - 1995 III",
        "1989 - 1993 II",
        "1985 - 1989 I"
      ]
    },
    {
      "Model": "Integra SJ",
      "Generations": [
        "1996 - 2001"
      ]
    },
    {
      "Model": "Jade",
      "Generations": [
        "2018 - 2020 I Рестайлинг",
        "2015 - 2018 I"
      ]
    },
    {
      "Model": "Jazz",
      "Generations": [
        "2020 -  IV",
        "2017 - 2020 III Рестайлинг",
        "2014 - 2017 III",
        "2011 - 2014 II Рестайлинг",
        "2008 - 2010 II",
        "2005 - 2008 I Рестайлинг",
        "2001 - 2005 I",
        "1983 - 1986 AA"
      ]
    },
    {
      "Model": "Lagreat",
      "Generations": [
        "1998 - 2005 I"
      ]
    },
    {
      "Model": "Legend",
      "Generations": [
        "2017 -  V Рестайлинг",
        "2015 - 2018 V",
        "2008 - 2012 IV Рестайлинг",
        "2004 - 2008 IV",
        "1996 - 2004 III",
        "1990 - 1996 II",
        "1985 - 1990 I"
      ]
    },
    {
      "Model": "Life",
      "Generations": [
        "2020 -  VI",
        "2010 - 2014 V Рестайлинг",
        "2008 - 2010 V",
        "2003 - 2008 IV",
        "1998 - 2003 III",
        "1997 - 1998 II"
      ]
    },
    {
      "Model": "Logo",
      "Generations": [
        "1996 - 2001"
      ]
    },
    {
      "Model": "MDX",
      "Generations": [
        "2003 - 2006"
      ]
    },
    {
      "Model": "Mobilio",
      "Generations": [
        "2013 -  II",
        "2004 - 2008 I Рестайлинг",
        "2001 - 2004 I"
      ]
    },
    {
      "Model": "Mobilio Spike",
      "Generations": [
        "2005 - 2008 I Рестайлинг",
        "2002 - 2005 I"
      ]
    },
    {
      "Model": "N-BOX",
      "Generations": [
        "2023 -  III",
        "2020 - 2023 II Рестайлинг",
        "2017 - 2020 II",
        "2015 - 2017 I Рестайлинг",
        "2011 - 2015 I"
      ]
    },
    {
      "Model": "N-BOX Slash",
      "Generations": [
        "2014 - 2020 I"
      ]
    },
    {
      "Model": "N-One",
      "Generations": [
        "2020 -  II",
        "2012 - 2020 I"
      ]
    },
    {
      "Model": "N-VAN",
      "Generations": [
        "2018 - "
      ]
    },
    {
      "Model": "N-WGN",
      "Generations": [
        "2019 - 2022 II",
        "2016 - 2019 I Рестайлинг",
        "2013 - 2016 I"
      ]
    },
    {
      "Model": "N360",
      "Generations": [
        "1969 - 1970 I"
      ]
    },
    {
      "Model": "NSX",
      "Generations": [
        "2016 -  II",
        "1990 - 2005 I"
      ]
    },
    {
      "Model": "Odyssey",
      "Generations": [
        "2020 -  V Рестайлинг 2",
        "2017 - 2020 V Рестайлинг",
        "2013 - 2017 V",
        "2008 - 2013 IV",
        "2003 - 2008 III",
        "2001 - 2003 II Рестайлинг",
        "1999 - 2001 II",
        "1994 - 1999 I"
      ]
    },
    {
      "Model": "Odyssey (North America)",
      "Generations": [
        "2020 -  V Рестайлинг",
        "2017 - 2020 V",
        "2010 - 2017 IV",
        "2004 - 2010 III",
        "1998 - 2004 II",
        "1994 - 1998 I"
      ]
    },
    {
      "Model": "Orthia",
      "Generations": [
        "1999 - 2002 I Рестайлинг",
        "1996 - 1999 I"
      ]
    },
    {
      "Model": "Partner",
      "Generations": [
        "2006 - 2010 II",
        "1996 - 2006 I"
      ]
    },
    {
      "Model": "Passport",
      "Generations": [
        "2021 -  III Рестайлинг",
        "2019 - 2021 III",
        "1997 - 2002 II",
        "1993 - 1997 I"
      ]
    },
    {
      "Model": "Pilot",
      "Generations": [
        "2022 -  IV",
        "2018 - 2022 III Рестайлинг",
        "2015 - 2018 III",
        "2011 - 2015 II Рестайлинг",
        "2008 - 2011 II",
        "2005 - 2008 I Рестайлинг",
        "2002 - 2005 I"
      ]
    },
    {
      "Model": "Prelude",
      "Generations": [
        "1996 - 2001 V",
        "1991 - 1996 IV",
        "1989 - 1991 III Рестайлинг",
        "1986 - 1989 III",
        "1983 - 1987 II",
        "1978 - 1982 I"
      ]
    },
    {
      "Model": "Quint",
      "Generations": [
        "1985 - 1989 II",
        "1980 - 1984 I"
      ]
    },
    {
      "Model": "Rafaga",
      "Generations": [
        "1993 - 1997"
      ]
    },
    {
      "Model": "Ridgeline",
      "Generations": [
        "2021 -  II Рестайлинг",
        "2016 - 2021 II",
        "2009 - 2014 I Рестайлинг",
        "2005 - 2009 I"
      ]
    },
    {
      "Model": "S-MX",
      "Generations": [
        "1996 - 2002"
      ]
    },
    {
      "Model": "S2000",
      "Generations": [
        "2003 - 2009 I Рестайлинг (AP2)",
        "1999 - 2003 I (AP1)"
      ]
    },
    {
      "Model": "S500",
      "Generations": [
        "1963 - 1964 I"
      ]
    },
    {
      "Model": "S600",
      "Generations": [
        "1964 - 1966 I"
      ]
    },
    {
      "Model": "S660",
      "Generations": [
        "2015 - "
      ]
    },
    {
      "Model": "Saber",
      "Generations": [
        "2001 - 2003 II Рестайлинг",
        "1998 - 2001 II",
        "1995 - 1998 I"
      ]
    },
    {
      "Model": "Shuttle",
      "Generations": [
        "2019 - 2022 II Рестайлинг",
        "2015 - 2019 II",
        "1994 - 2000 I"
      ]
    },
    {
      "Model": "Stepwgn",
      "Generations": [
        "2022 -  VI",
        "2017 - 2022 V Рестайлинг",
        "2015 - 2017 V",
        "2012 - 2015 IV Рестайлинг",
        "2009 - 2012 IV",
        "2005 - 2009 III",
        "2003 - 2005 II Рестайлинг",
        "2001 - 2003 II",
        "1999 - 2001 I Рестайлинг",
        "1996 - 1999 I"
      ]
    },
    {
      "Model": "Stream",
      "Generations": [
        "2009 - 2014 II Рестайлинг",
        "2006 - 2009 II",
        "2003 - 2006 I Рестайлинг",
        "2000 - 2003 I"
      ]
    },
    {
      "Model": "Street",
      "Generations": [
        "1993 - 1998 II Рестайлинг",
        "1988 - 1993 II"
      ]
    },
    {
      "Model": "That'S",
      "Generations": [
        "2002 - 2007"
      ]
    },
    {
      "Model": "Today",
      "Generations": [
        "1993 - 1998 II",
        "1985 - 1992 I"
      ]
    },
    {
      "Model": "Torneo",
      "Generations": [
        "1997 - 2002"
      ]
    },
    {
      "Model": "UR-V",
      "Generations": [
        "2023 -  I Рестайлинг 2",
        "2020 - 2023 I Рестайлинг",
        "2017 - 2020 I"
      ]
    },
    {
      "Model": "Vamos",
      "Generations": [
        "1999 - 2018"
      ]
    },
    {
      "Model": "Vezel",
      "Generations": [
        "2021 -  II",
        "2013 - 2021 I"
      ]
    },
    {
      "Model": "Vigor",
      "Generations": [
        "1989 - 1998 III"
      ]
    },
    {
      "Model": "WR-V",
      "Generations": [
        "2023 -  III",
        "2022 -  II",
        "2020 - 2022 I Рестайлинг",
        "2017 - 2020 I"
      ]
    },
    {
      "Model": "XR-V",
      "Generations": [
        "2022 -  II",
        "2014 - 2021 I"
      ]
    },
    {
      "Model": "Z",
      "Generations": [
        "1998 - 2002"
      ]
    },
    {
      "Model": "Zest",
      "Generations": [
        "2006 - 2012"
      ]
    },
    {
      "Model": "ZR-V",
      "Generations": [
        "2022 - "
      ]
    }
  ]
}