﻿{
  "Make": "Daihatsu",
  "Models": [
    {
      "Model": "Altis",
      "Generations": [
        "2017 - 2021 V",
        "2014 - 2017 IV Рестайлинг",
        "2012 - 2014 IV (SXV50)",
        "2009 - 2010 III Рестайлинг",
        "2006 - 2009 III (SXV40)",
        "2004 - 2005 II Рестайлинг",
        "2001 - 2004 II (SXV30)",
        "2000 - 2001 I (SXV20)"
      ]
    },
    {
      "Model": "Applause",
      "Generations": [
        "1997 - 2000 I Рестайлинг",
        "1989 - 1997 I"
      ]
    },
    {
      "Model": "Atrai",
      "Generations": [
        "2017 - 2021 V Рестайлинг 2",
        "2007 - 2017 V Рестайлинг",
        "2005 - 2007 V",
        "1999 - 2005 IV",
        "1981 - 1986 I"
      ]
    },
    {
      "Model": "Be-go",
      "Generations": [
        "2006 - 2016"
      ]
    },
    {
      "Model": "Bee",
      "Generations": [
        "1951 - 1952"
      ]
    },
    {
      "Model": "Boon",
      "Generations": [
        "2018 - 2023 III Рестайлинг",
        "2016 - 2018 III",
        "2014 - 2016 II Рестайлинг",
        "2010 - 2014 II",
        "2004 - 2010 I"
      ]
    },
    {
      "Model": "Boon Luminas",
      "Generations": [
        "2008 - 2012"
      ]
    },
    {
      "Model": "Cast",
      "Generations": [
        "2015 - 2023 I"
      ]
    },
    {
      "Model": "Ceria",
      "Generations": [
        "2001 - 2006"
      ]
    },
    {
      "Model": "Charade",
      "Generations": [
        "1996 - 2000 IV Рестайлинг",
        "1993 - 2000 IV",
        "1987 - 1993 III",
        "1983 - 1987 II",
        "1977 - 1983 I"
      ]
    },
    {
      "Model": "Charmant",
      "Generations": [
        "1981 - 1987"
      ]
    },
    {
      "Model": "Coo",
      "Generations": [
        "2006 - 2013"
      ]
    },
    {
      "Model": "Copen",
      "Generations": [
        "2014 -  II",
        "2002 - 2012 I"
      ]
    },
    {
      "Model": "Cuore",
      "Generations": [
        "2007 - 2013 VII (L276)",
        "2003 - 2007 VI (L251)",
        "1999 - 2003 V (L700)",
        "1995 - 1999 IV (L500)",
        "1990 - 1995 III (L200)",
        "1985 - 1990 II (L70)",
        "1980 - 1985 I (L55)"
      ]
    },
    {
      "Model": "Delta Wagon",
      "Generations": [
        "1996 - 2001 III",
        "1986 - 1996 II"
      ]
    },
    {
      "Model": "Esse",
      "Generations": [
        "2005 - 2011"
      ]
    },
    {
      "Model": "Extol",
      "Generations": [
        "1999 - 2004"
      ]
    },
    {
      "Model": "Fellow",
      "Generations": [
        "1970 - 1976 II (Max)",
        "1966 - 1970 I"
      ]
    },
    {
      "Model": "Feroza",
      "Generations": [
        "1989 - 1999"
      ]
    },
    {
      "Model": "Gran Move",
      "Generations": [
        "1996 - 2002"
      ]
    },
    {
      "Model": "Hijet",
      "Generations": [
        "2021 -  XI",
        "2004 - 2021 X",
        "1999 - 2004 IX",
        "1990 - 1998 VIII"
      ]
    },
    {
      "Model": "Hijet Caddie",
      "Generations": [
        "2016 - 2021"
      ]
    },
    {
      "Model": "Leeza",
      "Generations": [
        "1986 - 1993 I"
      ]
    },
    {
      "Model": "Materia",
      "Generations": [
        "2006 - 2013"
      ]
    },
    {
      "Model": "MAX",
      "Generations": [
        "2003 - 2005 I Рестайлинг",
        "2000 - 2003 I"
      ]
    },
    {
      "Model": "Mebius",
      "Generations": [
        "2014 - 2021 I Рестайлинг",
        "2013 - 2014 I"
      ]
    },
    {
      "Model": "Midget",
      "Generations": [
        "1996 - 2002 II"
      ]
    },
    {
      "Model": "Mira",
      "Generations": [
        "2006 - 2018 VII",
        "2002 - 2007 VI",
        "1998 - 2002 V",
        "1994 - 1998 IV"
      ]
    },
    {
      "Model": "Mira Cocoa",
      "Generations": [
        "2014 - 2018 I Рестайлинг",
        "2009 - 2014 I"
      ]
    },
    {
      "Model": "Mira e:S",
      "Generations": [
        "2017 - 2023 II",
        "2013 - 2017 I Рестайлинг",
        "2011 - 2013 I"
      ]
    },
    {
      "Model": "Mira Gino",
      "Generations": [
        "2004 - 2009 II",
        "1999 - 2004 I"
      ]
    },
    {
      "Model": "Mira Tocot",
      "Generations": [
        "2018 - "
      ]
    },
    {
      "Model": "Move",
      "Generations": [
        "2017 - 2023 VI Рестайлинг",
        "2014 - 2017 VI",
        "2010 - 2014 V",
        "2006 - 2010 IV",
        "2002 - 2006 III",
        "1998 - 2002 II",
        "1995 - 1998 I"
      ]
    },
    {
      "Model": "Move Canbus",
      "Generations": [
        "2016 - 2022 I"
      ]
    },
    {
      "Model": "Move Conte",
      "Generations": [
        "2011 - 2017 I Рестайлинг",
        "2008 - 2011 I"
      ]
    },
    {
      "Model": "Move Latte",
      "Generations": [
        "2004 - 2009"
      ]
    },
    {
      "Model": "Naked",
      "Generations": [
        "2000 - 2004"
      ]
    },
    {
      "Model": "Opti",
      "Generations": [
        "1998 - 2002 II",
        "1992 - 1998 I"
      ]
    },
    {
      "Model": "Pyzar",
      "Generations": [
        "1998 - 2002 I Рестайлинг",
        "1996 - 1998 I"
      ]
    },
    {
      "Model": "Rocky",
      "Generations": [
        "2019 -  A200",
        "1989 - 1998 I"
      ]
    },
    {
      "Model": "Rugger",
      "Generations": [
        "1993 - 2002 II",
        "1984 - 1992 I"
      ]
    },
    {
      "Model": "Sirion",
      "Generations": [
        "2007 - 2015 II (M3) Рестайлинг",
        "2004 - 2007 II (M3)",
        "1998 - 2004 I (M1)"
      ]
    },
    {
      "Model": "Sonica",
      "Generations": [
        "2006 - 2009"
      ]
    },
    {
      "Model": "Storia",
      "Generations": [
        "1998 - 2004"
      ]
    },
    {
      "Model": "Taft",
      "Generations": [
        "2020 -  II",
        "1974 - 1984 I"
      ]
    },
    {
      "Model": "Tanto",
      "Generations": [
        "2019 -  IV",
        "2015 - 2019 III Рестайлинг",
        "2013 - 2015 III",
        "2007 - 2013 II",
        "2003 - 2007 I"
      ]
    },
    {
      "Model": "Tanto Exe",
      "Generations": [
        "2011 - 2014 I Рестайлинг",
        "2009 - 2011 I"
      ]
    },
    {
      "Model": "Terios",
      "Generations": [
        "2017 -  III",
        "2009 - 2018 II Рестайлинг",
        "2006 - 2009 II",
        "1997 - 2012 I"
      ]
    },
    {
      "Model": "Thor",
      "Generations": [
        "2020 -  I Рестайлинг",
        "2016 - 2020 I"
      ]
    },
    {
      "Model": "Trevis",
      "Generations": [
        "2006 - 2011"
      ]
    },
    {
      "Model": "Wake",
      "Generations": [
        "2014 - 2022 I"
      ]
    },
    {
      "Model": "Wildcat",
      "Generations": [
        "1985 - 1987"
      ]
    },
    {
      "Model": "Xenia",
      "Generations": [
        "2003 - 2011"
      ]
    },
    {
      "Model": "YRV",
      "Generations": [
        "2002 - 2005 I Рестайлинг",
        "2000 - 2002 I"
      ]
    }
  ]
}