﻿{
  "Make": "BYD",
  "Models": [
    {
      "Model": "Chazor",
      "Generations": [
        "2024 - "
      ]
    },
    {
      "Model": "D1",
      "Generations": [
        "2020 - "
      ]
    },
    {
      "Model": "Destroyer 05",
      "Generations": [
        "2022 - "
      ]
    },
    {
      "Model": "Dolphin",
      "Generations": [
        "2021 - "
      ]
    },
    {
      "Model": "E1",
      "Generations": [
        "2019 - 2021"
      ]
    },
    {
      "Model": "E2",
      "Generations": [
        "2023 -  I Рестайлинг",
        "2019 - 2023 I"
      ]
    },
    {
      "Model": "E3",
      "Generations": [
        "2019 - 2023"
      ]
    },
    {
      "Model": "E5",
      "Generations": [
        "2015 - 2020"
      ]
    },
    {
      "Model": "E6",
      "Generations": [
        "2011 - "
      ]
    },
    {
      "Model": "E9",
      "Generations": [
        "2021 - "
      ]
    },
    {
      "Model": "F0",
      "Generations": [
        "2008 - 2015"
      ]
    },
    {
      "Model": "F3",
      "Generations": [
        "2012 - 2018 II",
        "2005 - 2013 I"
      ]
    },
    {
      "Model": "F5",
      "Generations": [
        "2014 - 2018"
      ]
    },
    {
      "Model": "F6",
      "Generations": [
        "2007 - 2012"
      ]
    },
    {
      "Model": "F8 (S8)",
      "Generations": [
        "2009 - 2010"
      ]
    },
    {
      "Model": "FangChengBao Leopard 5",
      "Generations": [
        "2023 - "
      ]
    },
    {
      "Model": "FangChengBao Leopard 8",
      "Generations": [
        "2024 - "
      ]
    },
    {
      "Model": "Flyer",
      "Generations": [
        "2005 - 2008"
      ]
    },
    {
      "Model": "Frigate 07",
      "Generations": [
        "2022 - "
      ]
    },
    {
      "Model": "G3",
      "Generations": [
        "2009 - 2014"
      ]
    },
    {
      "Model": "G6",
      "Generations": [
        "2011 - 2013"
      ]
    },
    {
      "Model": "Han",
      "Generations": [
        "2022 -  I Рестайлинг",
        "2020 - 2022 I"
      ]
    },
    {
      "Model": "L3",
      "Generations": [
        "2010 - 2015"
      ]
    },
    {
      "Model": "M6",
      "Generations": [
        "2010 - 2015"
      ]
    },
    {
      "Model": "Qin",
      "Generations": [
        "2024 -  III",
        "2018 -  II"
      ]
    },
    {
      "Model": "S6",
      "Generations": [
        "2011 - 2015"
      ]
    },
    {
      "Model": "Sea Lion 07",
      "Generations": [
        "2024 - "
      ]
    },
    {
      "Model": "Seagull",
      "Generations": [
        "2023 - "
      ]
    },
    {
      "Model": "Seal",
      "Generations": [
        "2022 - "
      ]
    },
    {
      "Model": "Seal 06",
      "Generations": [
        "2024 - "
      ]
    },
    {
      "Model": "Shark",
      "Generations": [
        "2024 - "
      ]
    },
    {
      "Model": "Song EV",
      "Generations": [
        "2016 - 2019"
      ]
    },
    {
      "Model": "Song L",
      "Generations": [
        "2023 - "
      ]
    },
    {
      "Model": "Song Max",
      "Generations": [
        "2021 -  I Рестайлинг",
        "2017 - 2021 I"
      ]
    },
    {
      "Model": "Song Plus",
      "Generations": [
        "2020 - "
      ]
    },
    {
      "Model": "Song Pro",
      "Generations": [
        "2023 -  I Рестайлинг 2",
        "2021 - 2023 I Рестайлинг",
        "2019 - 2021 I"
      ]
    },
    {
      "Model": "Tang",
      "Generations": [
        "2021 -  II Рестайлинг",
        "2018 - 2022 II",
        "2015 - 2018 I"
      ]
    },
    {
      "Model": "Yangwang U8",
      "Generations": [
        "2023 - "
      ]
    },
    {
      "Model": "Yangwang U9",
      "Generations": [
        "2024 - "
      ]
    },
    {
      "Model": "Yuan",
      "Generations": [
        "2021 - 2023 I Рестайлинг 2 (Pro)",
        "2018 - 2023 I Рестайлинг (EV)",
        "2016 - 2018 I"
      ]
    },
    {
      "Model": "Yuan Plus",
      "Generations": [
        "2021 - "
      ]
    },
    {
      "Model": "Yuan Up",
      "Generations": [
        "2024 - "
      ]
    }
  ]
}