﻿{
  "Make": "Audi",
  "Models": [
    {
      "Model": "100",
      "Generations": [
        "1990 - 1994 IV (C4)",
        "1988 - 1991 III (C3) Рестайлинг",
        "1982 - 1988 III (C3)",
        "1976 - 1983 II (C2)",
        "1968 - 1976 I (C1)"
      ]
    },
    {
      "Model": "200",
      "Generations": [
        "1988 - 1991 II (C3) Рестайлинг",
        "1983 - 1988 II (C3)",
        "1979 - 1982 I (C2)"
      ]
    },
    {
      "Model": "50",
      "Generations": [
        "1974 - 1978"
      ]
    },
    {
      "Model": "80",
      "Generations": [
        "1991 - 1996 V (B4)",
        "1986 - 1992 IV (B3)",
        "1978 - 1986 III (B2)",
        "1972 - 1978 II (B1)"
      ]
    },
    {
      "Model": "90",
      "Generations": [
        "1992 - 1995 III (B4)",
        "1987 - 1991 II (B3)",
        "1984 - 1987 I (B2)"
      ]
    },
    {
      "Model": "920",
      "Generations": [
        "1938 - 1940 I"
      ]
    },
    {
      "Model": "A1",
      "Generations": [
        "2018 -  II (GB)",
        "2014 - 2018 I (8X) Рестайлинг",
        "2010 - 2015 I (8X)"
      ]
    },
    {
      "Model": "A2",
      "Generations": [
        "2000 - 2007"
      ]
    },
    {
      "Model": "A3",
      "Generations": [
        "2024 -  IV (8Y) Рестайлинг",
        "2020 -  IV (8Y)",
        "2016 - 2020 III (8V) Рестайлинг",
        "2012 - 2016 III (8V)",
        "2008 - 2013 II (8P) Рестайлинг 2",
        "2004 - 2008 II (8P) Рестайлинг 1",
        "2003 - 2005 II (8P)",
        "2000 - 2003 I (8L) Рестайлинг",
        "1996 - 2000 I (8L)"
      ]
    },
    {
      "Model": "A4",
      "Generations": [
        "2019 -  V (B9) Рестайлинг",
        "2015 - 2020 V (B9)",
        "2011 - 2015 IV (B8) Рестайлинг",
        "2007 - 2012 IV (B8)",
        "2004 - 2009 III (B7)",
        "2000 - 2006 II (B6)",
        "1999 - 2001 I (B5) Рестайлинг",
        "1994 - 1999 I (B5)"
      ]
    },
    {
      "Model": "A4 allroad",
      "Generations": [
        "2019 -  V (B9) Рестайлинг",
        "2016 - 2020 V (B9)",
        "2011 - 2016 IV (B8) Рестайлинг",
        "2009 - 2011 IV (B8)"
      ]
    },
    {
      "Model": "A5",
      "Generations": [
        "2019 -  II (F5) Рестайлинг",
        "2016 - 2020 II (F5)",
        "2011 - 2016 I (8T) Рестайлинг",
        "2007 - 2011 I (8T)"
      ]
    },
    {
      "Model": "A6",
      "Generations": [
        "2022 -  V (C8) Рестайлинг",
        "2018 - 2023 V (C8)",
        "2014 - 2018 IV (C7) Рестайлинг",
        "2011 - 2014 IV (C7)",
        "2008 - 2011 III (C6) Рестайлинг",
        "2004 - 2008 III (C6)",
        "2001 - 2005 II (C5) Рестайлинг",
        "1997 - 2001 II (C5)",
        "1994 - 1997 I (C4)"
      ]
    },
    {
      "Model": "A6 allroad",
      "Generations": [
        "2019 -  IV (C8)",
        "2014 - 2019 III (C7) Рестайлинг",
        "2012 - 2014 III (C7)",
        "2008 - 2011 II (C6) Рестайлинг",
        "2006 - 2008 II (C6)",
        "2000 - 2006 I (C5)"
      ]
    },
    {
      "Model": "A7",
      "Generations": [
        "2018 -  II (4K)",
        "2014 - 2018 I (4G) Рестайлинг",
        "2010 - 2014 I (4G)"
      ]
    },
    {
      "Model": "A8",
      "Generations": [
        "2021 -  IV (D5) Рестайлинг",
        "2017 - 2022 IV (D5)",
        "2013 - 2017 III (D4) Рестайлинг",
        "2009 - 2014 III (D4)",
        "2007 - 2010 II (D3) Рестайлинг 2",
        "2005 - 2007 II (D3) Рестайлинг",
        "2002 - 2005 II (D3)",
        "1999 - 2002 I (D2) Рестайлинг",
        "1994 - 1999 I (D2)"
      ]
    },
    {
      "Model": "Cabriolet",
      "Generations": [
        "1991 - 2000"
      ]
    },
    {
      "Model": "Coupe",
      "Generations": [
        "1991 - 1996 II (B3) Рестайлинг",
        "1988 - 1991 II (B3)",
        "1984 - 1988 I (B2) Рестайлинг",
        "1980 - 1984 I (B2)"
      ]
    },
    {
      "Model": "e-tron",
      "Generations": [
        "2018 - 2022 I"
      ]
    },
    {
      "Model": "e-tron GT",
      "Generations": [
        "2020 - "
      ]
    },
    {
      "Model": "e-tron S",
      "Generations": [
        "2019 - 2022"
      ]
    },
    {
      "Model": "e-tron S Sportback",
      "Generations": [
        "2019 - 2022"
      ]
    },
    {
      "Model": "e-tron Sportback",
      "Generations": [
        "2019 - 2022 I"
      ]
    },
    {
      "Model": "Front",
      "Generations": [
        "1935 - 1938 UW 225"
      ]
    },
    {
      "Model": "NSU RO 80",
      "Generations": [
        "1967 - 1977"
      ]
    },
    {
      "Model": "Q2",
      "Generations": [
        "2020 -  I Рестайлинг",
        "2016 - 2021 I"
      ]
    },
    {
      "Model": "Q3",
      "Generations": [
        "2018 -  II (F3)",
        "2014 - 2018 I (8U) Рестайлинг",
        "2011 - 2014 I (8U)"
      ]
    },
    {
      "Model": "Q3 Sportback",
      "Generations": [
        "2019 -  I (F3)"
      ]
    },
    {
      "Model": "Q4 e-tron",
      "Generations": [
        "2021 - "
      ]
    },
    {
      "Model": "Q4 Sportback e-tron",
      "Generations": [
        "2021 - "
      ]
    },
    {
      "Model": "Q5",
      "Generations": [
        "2020 -  II (FY) Рестайлинг",
        "2017 - 2020 II (FY)",
        "2012 - 2017 I (8R) Рестайлинг",
        "2008 - 2012 I (8R)"
      ]
    },
    {
      "Model": "Q5 e-tron",
      "Generations": [
        "2022 - "
      ]
    },
    {
      "Model": "Q5 Sportback",
      "Generations": [
        "2020 -  I (FY)"
      ]
    },
    {
      "Model": "Q6",
      "Generations": [
        "2022 - "
      ]
    },
    {
      "Model": "Q6 e-tron",
      "Generations": [
        "2024 - "
      ]
    },
    {
      "Model": "Q7",
      "Generations": [
        "2024 -  II (4M) Рестайлинг 2",
        "2019 -  II (4M) Рестайлинг",
        "2015 - 2019 II (4M)",
        "2009 - 2015 I (4L) Рестайлинг",
        "2005 - 2009 I (4L)"
      ]
    },
    {
      "Model": "Q8",
      "Generations": [
        "2023 -  I (4M) Рестайлинг",
        "2018 - 2023 I (4M)"
      ]
    },
    {
      "Model": "Q8 e-tron",
      "Generations": [
        "2022 - "
      ]
    },
    {
      "Model": "Q8 Sportback e-tron",
      "Generations": [
        "2022 - "
      ]
    },
    {
      "Model": "Quattro",
      "Generations": [
        "1985 - 1991 I Рестайлинг",
        "1980 - 1985 I"
      ]
    },
    {
      "Model": "R8",
      "Generations": [
        "2019 -  II (4S) Рестайлинг",
        "2015 - 2018 II (4S)",
        "2012 - 2015 I (Typ 42) Рестайлинг",
        "2007 - 2012 I (Typ 42)"
      ]
    },
    {
      "Model": "R8 LMP",
      "Generations": [
        "2000 - 2005 I"
      ]
    },
    {
      "Model": "RS 2",
      "Generations": [
        "1993 - 1995 I (B4)"
      ]
    },
    {
      "Model": "RS 3",
      "Generations": [
        "2021 -  III (8Y)",
        "2017 - 2021 II (8V) Рестайлинг",
        "2015 - 2016 II (8V)",
        "2011 - 2012 I (8P)"
      ]
    },
    {
      "Model": "RS 4",
      "Generations": [
        "2019 -  IV (B9) Рестайлинг",
        "2017 - 2020 IV (B9)",
        "2012 - 2015 III (B8)",
        "2005 - 2009 II (B7)",
        "1999 - 2001 I (B5)"
      ]
    },
    {
      "Model": "RS 5",
      "Generations": [
        "2019 -  II (F5) Рестайлинг",
        "2017 - 2019 II (F5)",
        "2011 - 2015 I (8T) Рестайлинг",
        "2010 - 2011 I (8T)"
      ]
    },
    {
      "Model": "RS 6",
      "Generations": [
        "2019 -  IV (C8)",
        "2014 - 2018 III (C7) Рестайлинг",
        "2012 - 2014 III (C7)",
        "2007 - 2012 II (C6)",
        "2002 - 2006 I (C5)"
      ]
    },
    {
      "Model": "RS 7",
      "Generations": [
        "2019 -  II (4K)",
        "2014 - 2018 I (4G) Рестайлинг",
        "2013 - 2014 I (4G)"
      ]
    },
    {
      "Model": "RS e-tron GT",
      "Generations": [
        "2024 -  I Рестайлинг",
        "2020 -  I"
      ]
    },
    {
      "Model": "RS Q3",
      "Generations": [
        "2019 -  II (F3)",
        "2015 - 2018 I (8U) Рестайлинг",
        "2013 - 2015 I (8U)"
      ]
    },
    {
      "Model": "RS Q3 Sportback",
      "Generations": [
        "2019 -  I (F3)"
      ]
    },
    {
      "Model": "RS Q8",
      "Generations": [
        "2019 -  I"
      ]
    },
    {
      "Model": "S e-tron GT",
      "Generations": [
        "2024 - "
      ]
    },
    {
      "Model": "S1",
      "Generations": [
        "2014 - 2018 I (8X)"
      ]
    },
    {
      "Model": "S2",
      "Generations": [
        "1990 - 1995 I"
      ]
    },
    {
      "Model": "S3",
      "Generations": [
        "2024 -  IV (8Y) Рестайлинг",
        "2020 -  IV (8Y)",
        "2016 - 2020 III (8V) Рестайлинг",
        "2013 - 2016 III (8V)",
        "2008 - 2012 II (8P) Рестайлинг",
        "2006 - 2008 II (8P)",
        "1999 - 2003 I (8L)"
      ]
    },
    {
      "Model": "S4",
      "Generations": [
        "2019 -  V (B9) Рестайлинг",
        "2016 - 2019 V (B9)",
        "2011 - 2015 IV (B8) Рестайлинг",
        "2008 - 2011 IV (B8)",
        "2004 - 2008 III (B7)",
        "2002 - 2004 II (B6)",
        "1997 - 2001 I (B5)"
      ]
    },
    {
      "Model": "S5",
      "Generations": [
        "2019 -  II (F5) Рестайлинг",
        "2016 - 2019 II (F5)",
        "2011 - 2016 I (8T) Рестайлинг",
        "2007 - 2011 I (8T)"
      ]
    },
    {
      "Model": "S6",
      "Generations": [
        "2019 -  V (C8)",
        "2014 - 2018 IV (C7) Рестайлинг",
        "2012 - 2014 IV (C7)",
        "2008 - 2011 III (C6) Рестайлинг",
        "2006 - 2008 III (C6)",
        "1999 - 2004 II (C5)",
        "1994 - 1997 I (C4)"
      ]
    },
    {
      "Model": "S7",
      "Generations": [
        "2019 -  II (4K)",
        "2014 - 2018 I (4G) Рестайлинг",
        "2012 - 2014 I (4G)"
      ]
    },
    {
      "Model": "S8",
      "Generations": [
        "2021 -  IV (D5) Рестайлинг",
        "2019 - 2021 IV (D5)",
        "2013 - 2017 III (D4) Рестайлинг",
        "2012 - 2013 III (D4)",
        "2006 - 2011 II (D3) Рестайлинг",
        "2006 - 2007 II (D3)",
        "1999 - 2002 I (D2) Рестайлинг",
        "1996 - 1999 I (D2)"
      ]
    },
    {
      "Model": "SQ2",
      "Generations": [
        "2020 -  I Рестайлинг",
        "2018 - 2020 I"
      ]
    },
    {
      "Model": "SQ5",
      "Generations": [
        "2020 -  II (FY) Рестайлинг",
        "2017 - 2020 II (FY)",
        "2013 - 2017 I (8R)"
      ]
    },
    {
      "Model": "SQ5 Sportback",
      "Generations": [
        "2020 -  I (FY)"
      ]
    },
    {
      "Model": "SQ6 e-tron",
      "Generations": [
        "2024 - "
      ]
    },
    {
      "Model": "SQ7",
      "Generations": [
        "2024 -  I (4M) Рестайлинг 2",
        "2019 -  I (4M) Рестайлинг",
        "2016 - 2019 I (4M)"
      ]
    },
    {
      "Model": "SQ8",
      "Generations": [
        "2023 -  I (4M) Рестайлинг",
        "2019 - 2023 I (4M)"
      ]
    },
    {
      "Model": "SQ8 e-tron",
      "Generations": [
        "2022 - "
      ]
    },
    {
      "Model": "SQ8 Sportback e-tron",
      "Generations": [
        "2022 - "
      ]
    },
    {
      "Model": "TT",
      "Generations": [
        "2018 - 2023 III (8S) Рестайлинг",
        "2014 - 2019 III (8S)",
        "2010 - 2014 II (8J) Рестайлинг",
        "2006 - 2010 II (8J)",
        "2003 - 2006 I (8N) Рестайлинг",
        "1998 - 2003 I (8N)"
      ]
    },
    {
      "Model": "TT RS",
      "Generations": [
        "2019 - 2023 III (8S) Рестайлинг",
        "2016 - 2018 III (8S)",
        "2009 - 2014 II (8J)"
      ]
    },
    {
      "Model": "TTS",
      "Generations": [
        "2018 - 2023 III (8S) Рестайлинг",
        "2014 - 2018 III (8S)",
        "2010 - 2014 II (8J) Рестайлинг",
        "2007 - 2010 II (8J)"
      ]
    },
    {
      "Model": "Typ R",
      "Generations": [
        "1927 - 1929"
      ]
    },
    {
      "Model": "V8",
      "Generations": [
        "1988 - 1994"
      ]
    }
  ]
}