﻿{
  "Make": "Dongfeng",
  "Models": [
    {
      "Model": "370",
      "Generations": [
        "2015 - 2020 I"
      ]
    },
    {
      "Model": "580",
      "Generations": [
        "2021 -  II",
        "2018 -  I Рестайлинг",
        "2017 -  I"
      ]
    },
    {
      "Model": "A30",
      "Generations": [
        "2014 - 2019 I"
      ]
    },
    {
      "Model": "A9",
      "Generations": [
        "2016 - 2019 I"
      ]
    },
    {
      "Model": "Aeolus E70",
      "Generations": [
        "2022 -  I (Pro) Рестайлинг",
        "2019 -  I Рестайлинг",
        "2017 - 2019 I"
      ]
    },
    {
      "Model": "Aeolus Haohan",
      "Generations": [
        "2023 - "
      ]
    },
    {
      "Model": "Aeolus Haoji",
      "Generations": [
        "2022 - "
      ]
    },
    {
      "Model": "Aeolus Yixuan",
      "Generations": [
        "2022 -  I Рестайлинг",
        "2019 - 2022 I"
      ]
    },
    {
      "Model": "Aeolus Yixuan GS",
      "Generations": [
        "2020 - "
      ]
    },
    {
      "Model": "Aeolus Yixuan Max",
      "Generations": [
        "2021 - "
      ]
    },
    {
      "Model": "AX4",
      "Generations": [
        "2017 - 2021"
      ]
    },
    {
      "Model": "AX7",
      "Generations": [
        "2015 - 2019 I"
      ]
    },
    {
      "Model": "DF6",
      "Generations": [
        "2022 - "
      ]
    },
    {
      "Model": "DFSK 500",
      "Generations": [
        "2024 - "
      ]
    },
    {
      "Model": "DFSK ix5",
      "Generations": [
        "2023 - "
      ]
    },
    {
      "Model": "DFSK ix7",
      "Generations": [
        "2023 - "
      ]
    },
    {
      "Model": "E11K",
      "Generations": [
        "2018 - 2021"
      ]
    },
    {
      "Model": "EC36",
      "Generations": [
        "2017 - "
      ]
    },
    {
      "Model": "Fengguang iX5",
      "Generations": [
        "2018 - "
      ]
    },
    {
      "Model": "Fengguang iX7",
      "Generations": [
        "2019 - "
      ]
    },
    {
      "Model": "Fengon 500",
      "Generations": [
        "2020 - "
      ]
    },
    {
      "Model": "Fengon 560",
      "Generations": [
        "2021 -  I Рестайлинг",
        "2017 - 2021 I"
      ]
    },
    {
      "Model": "Fengon 580",
      "Generations": [
        "2016 -  I"
      ]
    },
    {
      "Model": "Fengon E5",
      "Generations": [
        "2023 - "
      ]
    },
    {
      "Model": "H30 Cross",
      "Generations": [
        "2011 - 2018"
      ]
    },
    {
      "Model": "Mengshi M-Hero 917",
      "Generations": [
        "2023 - "
      ]
    },
    {
      "Model": "MPV",
      "Generations": [
        "2007 - 2009"
      ]
    },
    {
      "Model": "Nano EX1",
      "Generations": [
        "2020 - "
      ]
    },
    {
      "Model": "Oting",
      "Generations": [
        "2007 - 2013"
      ]
    },
    {
      "Model": "Paladin",
      "Generations": [
        "2023 - "
      ]
    },
    {
      "Model": "Rich",
      "Generations": [
        "2014 -  II",
        "2007 - 2009 I"
      ]
    },
    {
      "Model": "Rich 7",
      "Generations": [
        "2022 - "
      ]
    },
    {
      "Model": "S30",
      "Generations": [
        "2013 - 2017"
      ]
    },
    {
      "Model": "Shine",
      "Generations": [
        "2019 - "
      ]
    },
    {
      "Model": "Shine Max",
      "Generations": [
        "2023 - "
      ]
    },
    {
      "Model": "Sky EV01",
      "Generations": [
        "2023 - "
      ]
    }
  ]
}