﻿{
  "Make": "Geely",
  "Models": [
    {
      "Model": "Atlas",
      "Generations": [
        "2023 -  II",
        "2016 - 2022 I"
      ]
    },
    {
      "Model": "Atlas Pro",
      "Generations": [
        "2021 - "
      ]
    },
    {
      "Model": "Azkarra",
      "Generations": [
        "2019 - "
      ]
    },
    {
      "Model": "Beauty Leopard",
      "Generations": [
        "2005 - 2006"
      ]
    },
    {
      "Model": "Binrui",
      "Generations": [
        "2020 -  I Рестайлинг",
        "2018 - 2020 I"
      ]
    },
    {
      "Model": "Binrui Cool",
      "Generations": [
        "2023 -  I Рестайлинг",
        "2022 -  I"
      ]
    },
    {
      "Model": "Binyue",
      "Generations": [
        "2023 -  I Рестайлинг 2",
        "2021 - 2023 I Рестайлинг",
        "2018 - 2021 I"
      ]
    },
    {
      "Model": "Binyue Cool",
      "Generations": [
        "2022 - "
      ]
    },
    {
      "Model": "Boyue",
      "Generations": [
        "2024 -  II Рестайлинг",
        "2022 -  II",
        "2021 - 2023 I Рестайлинг",
        "2016 - 2022 I"
      ]
    },
    {
      "Model": "Boyue Cool",
      "Generations": [
        "2023 - "
      ]
    },
    {
      "Model": "Boyue Pro",
      "Generations": [
        "2019 - "
      ]
    },
    {
      "Model": "CK (Otaka)",
      "Generations": [
        "2008 - 2016 I Рестайлинг",
        "2005 - 2009 I"
      ]
    },
    {
      "Model": "Coolray",
      "Generations": [
        "2023 -  I Рестайлинг",
        "2019 -  I"
      ]
    },
    {
      "Model": "Emgrand",
      "Generations": [
        "2021 -  II",
        "2018 - 2020 I"
      ]
    },
    {
      "Model": "Emgrand 7",
      "Generations": [
        "2018 - 2020 I Рестайлинг",
        "2016 - 2018 I"
      ]
    },
    {
      "Model": "Emgrand EC7",
      "Generations": [
        "2009 - 2016"
      ]
    },
    {
      "Model": "Emgrand EC8",
      "Generations": [
        "2012 - 2015"
      ]
    },
    {
      "Model": "Emgrand GL",
      "Generations": [
        "2020 - 2021 I Рестайлинг 2",
        "2018 - 2020 I Рестайлинг",
        "2016 - 2018 I"
      ]
    },
    {
      "Model": "Emgrand GT",
      "Generations": [
        "2015 - 2020"
      ]
    },
    {
      "Model": "Emgrand L",
      "Generations": [
        "2022 - "
      ]
    },
    {
      "Model": "Emgrand X7",
      "Generations": [
        "2018 - 2021 I Рестайлинг 2",
        "2016 - 2019 I Рестайлинг",
        "2011 - 2016 I"
      ]
    },
    {
      "Model": "FC (Vision)",
      "Generations": [
        "2006 - 2011"
      ]
    },
    {
      "Model": "Galaxy E8",
      "Generations": [
        "2023 - "
      ]
    },
    {
      "Model": "Galaxy L6",
      "Generations": [
        "2023 - "
      ]
    },
    {
      "Model": "Galaxy L7",
      "Generations": [
        "2023 - "
      ]
    },
    {
      "Model": "GC6",
      "Generations": [
        "2014 - 2016"
      ]
    },
    {
      "Model": "GC9",
      "Generations": [
        "2020 -  I Рестайлинг",
        "2015 - 2019"
      ]
    },
    {
      "Model": "Geometry A",
      "Generations": [
        "2019 - "
      ]
    },
    {
      "Model": "Geometry C",
      "Generations": [
        "2020 - "
      ]
    },
    {
      "Model": "Geometry E",
      "Generations": [
        "2022 - "
      ]
    },
    {
      "Model": "Geometry G6",
      "Generations": [
        "2022 - "
      ]
    },
    {
      "Model": "Geometry M6",
      "Generations": [
        "2022 - "
      ]
    },
    {
      "Model": "GS",
      "Generations": [
        "2016 - 2021 I"
      ]
    },
    {
      "Model": "Haoqing",
      "Generations": [
        "1998 - 2006"
      ]
    },
    {
      "Model": "Haoyue L",
      "Generations": [
        "2022 - "
      ]
    },
    {
      "Model": "Icon",
      "Generations": [
        "2019 - "
      ]
    },
    {
      "Model": "Jiaji",
      "Generations": [
        "2021 -  I Рестайлинг",
        "2019 - 2022 I"
      ]
    },
    {
      "Model": "Kandi EX3",
      "Generations": [
        "2018 - 2018"
      ]
    },
    {
      "Model": "LC (Panda)",
      "Generations": [
        "2008 - 2016"
      ]
    },
    {
      "Model": "LC (Panda) Cross",
      "Generations": [
        "2008 - 2016"
      ]
    },
    {
      "Model": "MK",
      "Generations": [
        "2013 - 2015 I Рестайлинг",
        "2006 - 2013 I"
      ]
    },
    {
      "Model": "MK Cross",
      "Generations": [
        "2010 - 2016 I"
      ]
    },
    {
      "Model": "Monjaro",
      "Generations": [
        "2021 - "
      ]
    },
    {
      "Model": "MR",
      "Generations": [
        "2003 - 2009"
      ]
    },
    {
      "Model": "Okavango",
      "Generations": [
        "2023 -  I Рестайлинг",
        "2020 -  I"
      ]
    },
    {
      "Model": "Panda",
      "Generations": [
        "2022 - "
      ]
    },
    {
      "Model": "Preface",
      "Generations": [
        "2022 -  I Рестайлинг",
        "2020 - 2022 I"
      ]
    },
    {
      "Model": "SC7",
      "Generations": [
        "2011 - 2015"
      ]
    },
    {
      "Model": "Tugella",
      "Generations": [
        "2022 -  I Рестайлинг",
        "2019 - 2023 I"
      ]
    },
    {
      "Model": "TX4",
      "Generations": [
        "2008 - 2017 I"
      ]
    },
    {
      "Model": "Vision X3",
      "Generations": [
        "2019 - 2021 X3 I Рестайлинг",
        "2017 - 2019 I"
      ]
    },
    {
      "Model": "Vision X3 Pro",
      "Generations": [
        "2021 - "
      ]
    },
    {
      "Model": "Vision X6",
      "Generations": [
        "2019 - 2021 II Рестайлинг 2",
        "2018 - 2019 II Рестайлинг",
        "2016 - 2018 II"
      ]
    },
    {
      "Model": "Vision X6 Pro",
      "Generations": [
        "2021 - "
      ]
    },
    {
      "Model": "Xingyue",
      "Generations": [
        "2021 -  I Рестайлинг (S)",
        "2019 - 2021 I"
      ]
    },
    {
      "Model": "Xingyue L",
      "Generations": [
        "2021 - "
      ]
    },
    {
      "Model": "Yuancheng (Farizon) FX",
      "Generations": [
        "2020 - 2023"
      ]
    }
  ]
}