﻿{
  "Make": "Bentley",
  "Models": [
    {
      "Model": "Arnage",
      "Generations": [
        "2002 - 2009 I Рестайлинг",
        "1998 - 2002 I"
      ]
    },
    {
      "Model": "Azure",
      "Generations": [
        "2005 - 2009 II",
        "1995 - 2003 I"
      ]
    },
    {
      "Model": "Bentayga",
      "Generations": [
        "2020 -  I Рестайлинг",
        "2015 - 2020 I"
      ]
    },
    {
      "Model": "Brooklands",
      "Generations": [
        "2007 - 2011 II",
        "1992 - 1998 I"
      ]
    },
    {
      "Model": "Continental",
      "Generations": [
        "1984 - 2003 I"
      ]
    },
    {
      "Model": "Continental Flying Spur",
      "Generations": [
        "2005 - 2012"
      ]
    },
    {
      "Model": "Continental GT",
      "Generations": [
        "2024 -  IV",
        "2017 -  III",
        "2015 - 2017 II Рестайлинг",
        "2011 - 2015 II",
        "2003 - 2011 I"
      ]
    },
    {
      "Model": "Eight",
      "Generations": [
        "1984 - 1992"
      ]
    },
    {
      "Model": "Flying Spur",
      "Generations": [
        "2019 -  II",
        "2013 - 2019 I"
      ]
    },
    {
      "Model": "Mark VI",
      "Generations": [
        "1946 - 1952"
      ]
    },
    {
      "Model": "Mulliner Bacalar",
      "Generations": [
        "2021 - "
      ]
    },
    {
      "Model": "Mulliner Batur",
      "Generations": [
        "2022 - "
      ]
    },
    {
      "Model": "Mulsanne",
      "Generations": [
        "2016 - 2020 II Рестайлинг",
        "2010 - 2016 II",
        "1980 - 1993 I"
      ]
    },
    {
      "Model": "R Type",
      "Generations": [
        "1952 - 1955"
      ]
    },
    {
      "Model": "S",
      "Generations": [
        "1962 - 1965 III",
        "1959 - 1962 II",
        "1955 - 1959 I"
      ]
    },
    {
      "Model": "T-Series",
      "Generations": [
        "1965 - 1980"
      ]
    },
    {
      "Model": "Turbo R",
      "Generations": [
        "1985 - 1999"
      ]
    }
  ]
}