﻿{
  "Make": "Haval",
  "Models": [
    {
      "Model": "Chitu",
      "Generations": [
        "2021 - "
      ]
    },
    {
      "Model": "DaGou (Big Dog)",
      "Generations": [
        "2023 -  II",
        "2023 -  I Рестайлинг",
        "2020 - 2023 I"
      ]
    },
    {
      "Model": "Dargo",
      "Generations": [
        "2022 - "
      ]
    },
    {
      "Model": "F5",
      "Generations": [
        "2018 - 2020"
      ]
    },
    {
      "Model": "F7",
      "Generations": [
        "2022 -  I Рестайлинг",
        "2018 - 2022 I"
      ]
    },
    {
      "Model": "F7x",
      "Generations": [
        "2022 -  I Рестайлинг",
        "2019 - 2022 I"
      ]
    },
    {
      "Model": "H2",
      "Generations": [
        "2014 - 2021"
      ]
    },
    {
      "Model": "H2s",
      "Generations": [
        "2016 - 2020"
      ]
    },
    {
      "Model": "H3",
      "Generations": [
        "2024 - "
      ]
    },
    {
      "Model": "H4",
      "Generations": [
        "2018 - 2020"
      ]
    },
    {
      "Model": "H5",
      "Generations": [
        "2023 -  II",
        "2020 - 2021 I"
      ]
    },
    {
      "Model": "H6",
      "Generations": [
        "2024 -  III Рестайлинг",
        "2020 -  III",
        "2017 -  II",
        "2014 - 2022 I"
      ]
    },
    {
      "Model": "H6 Coupe",
      "Generations": [
        "2018 - 2021 II",
        "2015 - 2019 I"
      ]
    },
    {
      "Model": "H6S",
      "Generations": [
        "2021 - "
      ]
    },
    {
      "Model": "H7",
      "Generations": [
        "2018 - 2021 I Рестайлинг 2",
        "2016 - 2018 I Рестайлинг",
        "2016 - 2017 I"
      ]
    },
    {
      "Model": "H8",
      "Generations": [
        "2014 - 2017"
      ]
    },
    {
      "Model": "H9",
      "Generations": [
        "2017 -  I Рестайлинг",
        "2014 - 2017 I"
      ]
    },
    {
      "Model": "Jolion",
      "Generations": [
        "2024 -  I Рестайлинг",
        "2021 -  I"
      ]
    },
    {
      "Model": "KuGou",
      "Generations": [
        "2022 - "
      ]
    },
    {
      "Model": "M6",
      "Generations": [
        "2021 -  II",
        "2019 - 2021 I Рестайлинг",
        "2017 - 2019 I"
      ]
    },
    {
      "Model": "Menglong",
      "Generations": [
        "2023 - "
      ]
    },
    {
      "Model": "Shenshou",
      "Generations": [
        "2021 - "
      ]
    },
    {
      "Model": "Xiaolong",
      "Generations": [
        "2023 - "
      ]
    },
    {
      "Model": "Xiaolong Max",
      "Generations": [
        "2023 - "
      ]
    }
  ]
}