﻿{
  "Make": "GMC",
  "Models": [
    {
      "Model": "100",
      "Generations": [
        "1957 - 1957"
      ]
    },
    {
      "Model": "Acadia",
      "Generations": [
        "2019 -  II Рестайлинг",
        "2016 - 2019 II",
        "2013 - 2016 I Рестайлинг",
        "2006 - 2013 I"
      ]
    },
    {
      "Model": "Canyon",
      "Generations": [
        "2022 -  III",
        "2020 - 2022 II Рестайлинг",
        "2014 - 2020 II",
        "2004 - 2013 I"
      ]
    },
    {
      "Model": "Envoy",
      "Generations": [
        "2001 - 2009 II (GMT360)",
        "1997 - 2000 I(GMT330)"
      ]
    },
    {
      "Model": "Hummer EV",
      "Generations": [
        "2021 - "
      ]
    },
    {
      "Model": "Jimmy",
      "Generations": [
        "1991 - 2005 I",
        "1982 - 1991 S-15"
      ]
    },
    {
      "Model": "Safari",
      "Generations": [
        "1995 - 2005 II",
        "1985 - 1994 I"
      ]
    },
    {
      "Model": "Savana",
      "Generations": [
        "2003 -  I Рестайлинг",
        "1996 - 2002 I"
      ]
    },
    {
      "Model": "Sierra",
      "Generations": [
        "2022 -  IV Рестайлинг",
        "2018 - 2022 IV",
        "2015 - 2018 III (K2XX) Рестайлинг",
        "2013 - 2015 III (K2XX)",
        "2006 - 2014 II (GMT900)",
        "1998 - 2007 I (GMT800)"
      ]
    },
    {
      "Model": "Sonoma",
      "Generations": [
        "1994 - 2004 II(GMT400)",
        "1991 - 1994 I"
      ]
    },
    {
      "Model": "Suburban",
      "Generations": [
        "1992 - 1999"
      ]
    },
    {
      "Model": "Syclone",
      "Generations": [
        "1991 - 1991"
      ]
    },
    {
      "Model": "Terrain",
      "Generations": [
        "2021 -  II Рестайлинг",
        "2017 - 2021 II",
        "2015 - 2017 I Рестайлинг",
        "2009 - 2015 I"
      ]
    },
    {
      "Model": "Typhoon",
      "Generations": [
        "1991 - 1993"
      ]
    },
    {
      "Model": "Vandura",
      "Generations": [
        "1970 - 1996"
      ]
    },
    {
      "Model": "Yukon",
      "Generations": [
        "2020 -  V",
        "2014 - 2020 IV (GMT K2UG)",
        "2006 - 2014 III (GMT900)",
        "1999 - 2006 II (GMT800)",
        "1991 - 1999 I (GMT400)"
      ]
    }
  ]
}