﻿{
  "Make": "Chevrolet",
  "Models": [
    {
      "Model": "3000-Series",
      "Generations": [
        "1947 - 1955"
      ]
    },
    {
      "Model": "Alero",
      "Generations": [
        "1999 - 2004"
      ]
    },
    {
      "Model": "Apache",
      "Generations": [
        "1955 - 1960"
      ]
    },
    {
      "Model": "Astra",
      "Generations": [
        "1998 - 2011"
      ]
    },
    {
      "Model": "Astro",
      "Generations": [
        "1994 - 2005 II",
        "1985 - 1994 I"
      ]
    },
    {
      "Model": "Avalanche",
      "Generations": [
        "2006 - 2013 II",
        "2001 - 2006 I"
      ]
    },
    {
      "Model": "Aveo",
      "Generations": [
        "2016 -  III",
        "2011 - 2020 II",
        "2006 - 2012 I Рестайлинг",
        "2002 - 2011 I"
      ]
    },
    {
      "Model": "Bel Air",
      "Generations": [
        "1955 - 1957 II",
        "1949 - 1954 I"
      ]
    },
    {
      "Model": "Beretta",
      "Generations": [
        "1987 - 1996"
      ]
    },
    {
      "Model": "Blazer",
      "Generations": [
        "2022 -  III Рестайлинг",
        "2018 - 2023 III",
        "1998 - 2005 II Рестайлинг",
        "1994 - 1998 II",
        "1990 - 1994 I Рестайлинг",
        "1982 - 1990 I"
      ]
    },
    {
      "Model": "Blazer K5",
      "Generations": [
        "1991 - 1994 III",
        "1972 - 1991 II"
      ]
    },
    {
      "Model": "Bolt",
      "Generations": [
        "2021 - 2023 I Рестайлинг",
        "2016 - 2021 I"
      ]
    },
    {
      "Model": "Bolt EUV",
      "Generations": [
        "2021 - 2023"
      ]
    },
    {
      "Model": "C-10",
      "Generations": [
        "1960 - 1988"
      ]
    },
    {
      "Model": "C/K",
      "Generations": [
        "1988 - 2000 IV (GMT400)",
        "1972 - 1991 III",
        "1967 - 1972 II"
      ]
    },
    {
      "Model": "Camaro",
      "Generations": [
        "2018 - 2023 VI Рестайлинг",
        "2015 - 2018 VI",
        "2013 - 2015 V Рестайлинг",
        "2009 - 2013 V",
        "1998 - 2002 IV Рестайлинг",
        "1992 - 1998 IV",
        "1985 - 1992 III Рестайлинг",
        "1982 - 1985 III",
        "1970 - 1981 II",
        "1967 - 1969 I"
      ]
    },
    {
      "Model": "Caprice",
      "Generations": [
        "2006 - 2017 VI",
        "1999 - 2006 V",
        "1990 - 1996 IV",
        "1976 - 1990 III",
        "1970 - 1976 II",
        "1965 - 1970 I"
      ]
    },
    {
      "Model": "Captiva",
      "Generations": [
        "2018 -  II",
        "2015 - 2018 I Рестайлинг 3",
        "2013 - 2016 I Рестайлинг 2",
        "2011 - 2013 I Рестайлинг",
        "2006 - 2011 I"
      ]
    },
    {
      "Model": "Captiva Sport",
      "Generations": [
        "2008 - 2016"
      ]
    },
    {
      "Model": "Cavalier",
      "Generations": [
        "1995 - 2005 III",
        "1988 - 1994 II",
        "1982 - 1987 I"
      ]
    },
    {
      "Model": "Celebrity",
      "Generations": [
        "1982 - 1990"
      ]
    },
    {
      "Model": "Celta",
      "Generations": [
        "2000 - 2006"
      ]
    },
    {
      "Model": "Chevelle",
      "Generations": [
        "1973 - 1977 III",
        "1967 - 1972 II",
        "1963 - 1967 I"
      ]
    },
    {
      "Model": "Chevette",
      "Generations": [
        "1975 - 1987"
      ]
    },
    {
      "Model": "Citation",
      "Generations": [
        "1980 - 1985"
      ]
    },
    {
      "Model": "Cobalt",
      "Generations": [
        "2020 -  II Рестайлинг",
        "2011 - 2016 II",
        "2004 - 2010 I"
      ]
    },
    {
      "Model": "Colorado",
      "Generations": [
        "2022 -  III",
        "2012 - 2022 II",
        "2004 - 2012 I"
      ]
    },
    {
      "Model": "Corsa",
      "Generations": [
        "1994 - 2001"
      ]
    },
    {
      "Model": "Corsica",
      "Generations": [
        "1987 - 1996"
      ]
    },
    {
      "Model": "Corvair",
      "Generations": [
        "1965 - 1969 II",
        "1959 - 1964 I"
      ]
    },
    {
      "Model": "Corvette",
      "Generations": [
        "2020 -  C8",
        "2013 - 2019 C7",
        "2004 - 2014 C6",
        "1997 - 2004 C5",
        "1984 - 1998 C4",
        "1968 - 1982 C3",
        "1963 - 1967 C2",
        "1953 - 1962 C1"
      ]
    },
    {
      "Model": "Cruze",
      "Generations": [
        "2015 - 2023 II",
        "2012 - 2016 I Рестайлинг",
        "2008 - 2012 I"
      ]
    },
    {
      "Model": "Cruze (HR)",
      "Generations": [
        "2001 - 2008"
      ]
    },
    {
      "Model": "CSV CR8",
      "Generations": [
        "2008 - 2009 I"
      ]
    },
    {
      "Model": "Damas",
      "Generations": [
        "2019 - "
      ]
    },
    {
      "Model": "Deluxe",
      "Generations": [
        "1949 - 1952 II"
      ]
    },
    {
      "Model": "El Camino",
      "Generations": [
        "1978 - 1987 V",
        "1973 - 1977 IV",
        "1968 - 1972 III",
        "1964 - 1967 II",
        "1959 - 1960 I"
      ]
    },
    {
      "Model": "Epica",
      "Generations": [
        "2008 - 2012 V250 Рестайлинг",
        "2006 - 2009 V250",
        "2003 - 2006 V200"
      ]
    },
    {
      "Model": "Equinox",
      "Generations": [
        "2020 -  III Рестайлинг",
        "2017 - 2021 III",
        "2015 - 2017 II Рестайлинг",
        "2009 - 2015 II",
        "2004 - 2009 I"
      ]
    },
    {
      "Model": "Evanda",
      "Generations": [
        "2000 - 2006"
      ]
    },
    {
      "Model": "Express",
      "Generations": [
        "2002 -  II",
        "1996 - 2002 I"
      ]
    },
    {
      "Model": "Fleetmaster",
      "Generations": [
        "1946 - 1948"
      ]
    },
    {
      "Model": "Groove",
      "Generations": [
        "2020 - "
      ]
    },
    {
      "Model": "HHR",
      "Generations": [
        "2005 - 2011"
      ]
    },
    {
      "Model": "Impala",
      "Generations": [
        "2013 - 2020 X",
        "2006 - 2016 IX",
        "1999 - 2006 VIII",
        "1994 - 1996 VII",
        "1970 - 1976 V",
        "1964 - 1970 IV",
        "1958 - 1960 II"
      ]
    },
    {
      "Model": "Kalos",
      "Generations": [
        "2003 - 2008"
      ]
    },
    {
      "Model": "Lacetti",
      "Generations": [
        "2013 -  I Рестайлинг",
        "2004 - 2013 I"
      ]
    },
    {
      "Model": "Lanos",
      "Generations": [
        "2002 - 2009 I"
      ]
    },
    {
      "Model": "Lumina",
      "Generations": [
        "1994 - 2001 II",
        "1989 - 1994 I"
      ]
    },
    {
      "Model": "Lumina APV",
      "Generations": [
        "1989 - 1996"
      ]
    },
    {
      "Model": "LUV D-MAX",
      "Generations": [
        "2006 - 2011"
      ]
    },
    {
      "Model": "Malibu",
      "Generations": [
        "2018 -  IX Рестайлинг",
        "2015 - 2018 IX",
        "2013 - 2016 VIII Рестайлинг",
        "2011 - 2014 VIII",
        "2008 - 2012 VII",
        "2006 - 2008 VI Рестайлинг",
        "2003 - 2006 VI",
        "2000 - 2003 V Рестайлинг",
        "1996 - 2000 V",
        "1978 - 1983 IV"
      ]
    },
    {
      "Model": "Master",
      "Generations": [
        "1933 - 1940"
      ]
    },
    {
      "Model": "Matiz",
      "Generations": [
        "2005 - 2010 II",
        "2004 - 2005 I"
      ]
    },
    {
      "Model": "Menlo",
      "Generations": [
        "2020 - "
      ]
    },
    {
      "Model": "Metro",
      "Generations": [
        "1997 - 2001"
      ]
    },
    {
      "Model": "Monte Carlo",
      "Generations": [
        "1999 - 2007 VI",
        "1994 - 1999 V",
        "1980 - 1988 IV",
        "1978 - 1980 III",
        "1973 - 1977 II",
        "1970 - 1972 I"
      ]
    },
    {
      "Model": "Monza",
      "Generations": [
        "2022 -  II Рестайлинг",
        "2019 - 2022 II",
        "1982 - 1996 I"
      ]
    },
    {
      "Model": "MW",
      "Generations": [
        "2001 - 2010"
      ]
    },
    {
      "Model": "Nexia",
      "Generations": [
        "2017 -  I"
      ]
    },
    {
      "Model": "Niva",
      "Generations": [
        "2009 - 2020 I Рестайлинг",
        "2002 - 2009 I"
      ]
    },
    {
      "Model": "Nova",
      "Generations": [
        "1985 - 1988 VI",
        "1967 - 1974 III"
      ]
    },
    {
      "Model": "Nubira",
      "Generations": [
        "2003 - 2010"
      ]
    },
    {
      "Model": "Omega",
      "Generations": [
        "1998 - 2007 B",
        "1992 - 1998 A"
      ]
    },
    {
      "Model": "Onix",
      "Generations": [
        "2019 -  II",
        "2016 -  I Рестайлинг",
        "2012 - 2019 I"
      ]
    },
    {
      "Model": "Orlando",
      "Generations": [
        "2018 - 2023 II",
        "2010 - 2018 I"
      ]
    },
    {
      "Model": "Prizm",
      "Generations": [
        "1997 - 2002"
      ]
    },
    {
      "Model": "Rezzo",
      "Generations": [
        "2000 - 2008"
      ]
    },
    {
      "Model": "S-10 Pickup",
      "Generations": [
        "1993 - 2012 II",
        "1982 - 1994 I"
      ]
    },
    {
      "Model": "Sail",
      "Generations": [
        "2010 - 2014 II"
      ]
    },
    {
      "Model": "Seeker",
      "Generations": [
        "2022 - "
      ]
    },
    {
      "Model": "Silverado",
      "Generations": [
        "2022 -  IV (T1XX) Рестайлинг",
        "2019 - 2022 IV (T1XX)",
        "2015 - 2019 III (K2XX) Рестайлинг",
        "2013 - 2015 III (K2XX)",
        "2007 - 2013 II (GMT900)",
        "2002 - 2007 I (GMT800) Рестайлинг",
        "1998 - 2003 I (GMT800)"
      ]
    },
    {
      "Model": "Sonic",
      "Generations": [
        "2016 - 2020 I Рестайлинг",
        "2011 - 2016 I"
      ]
    },
    {
      "Model": "Spark",
      "Generations": [
        "2020 -  III (M300) Рестайлинг",
        "2018 -  IV Рестайлинг",
        "2015 - 2022 IV",
        "2009 - 2016 III",
        "2005 - 2009 II"
      ]
    },
    {
      "Model": "Special DeLuxe",
      "Generations": [
        "1941 - 1948"
      ]
    },
    {
      "Model": "Spin",
      "Generations": [
        "2012 - 2018 I"
      ]
    },
    {
      "Model": "SS",
      "Generations": [
        "2015 - 2017 I Рестайлинг",
        "2013 - 2015 I"
      ]
    },
    {
      "Model": "SSR",
      "Generations": [
        "2003 - 2006"
      ]
    },
    {
      "Model": "Standard",
      "Generations": [
        "1934 - 1936"
      ]
    },
    {
      "Model": "Starcraft",
      "Generations": [
        "1992 - 1996"
      ]
    },
    {
      "Model": "Suburban",
      "Generations": [
        "2024 -  XIII Рестайлинг",
        "2020 -  XIII",
        "2014 - 2020 XII",
        "2006 - 2013 XI",
        "2000 - 2006 X",
        "1991 - 2001 IX",
        "1973 - 1991 VIII"
      ]
    },
    {
      "Model": "Tacuma",
      "Generations": [
        "2000 - 2008 I"
      ]
    },
    {
      "Model": "Tahoe",
      "Generations": [
        "2024 -  V Рестайлинг",
        "2020 -  V",
        "2014 - 2021 IV",
        "2006 - 2014 III",
        "1999 - 2006 II",
        "1994 - 1999 I"
      ]
    },
    {
      "Model": "Tavera",
      "Generations": [
        "2002 - 2017"
      ]
    },
    {
      "Model": "Tracker",
      "Generations": [
        "2019 -  IV",
        "2016 - 2021 III Рестайлинг",
        "2013 - 2017 III",
        "1998 - 2004 II",
        "1989 - 1998 I"
      ]
    },
    {
      "Model": "TrailBlazer",
      "Generations": [
        "2023 -  III Рестайлинг",
        "2019 - 2023 III",
        "2016 - 2022 II Рестайлинг",
        "2012 - 2016 II",
        "2005 - 2009 I Рестайлинг",
        "2001 - 2006 I"
      ]
    },
    {
      "Model": "Trans Sport",
      "Generations": [
        "1996 - 2005"
      ]
    },
    {
      "Model": "Traverse",
      "Generations": [
        "2021 -  II Рестайлинг",
        "2017 - 2021 II",
        "2012 - 2017 I Рестайлинг",
        "2008 - 2012 I"
      ]
    },
    {
      "Model": "Trax",
      "Generations": [
        "2023 -  II",
        "2016 - 2022 I Рестайлинг",
        "2013 - 2016 I"
      ]
    },
    {
      "Model": "Uplander",
      "Generations": [
        "2004 - 2008"
      ]
    },
    {
      "Model": "Van",
      "Generations": [
        "1971 - 1996"
      ]
    },
    {
      "Model": "Vectra",
      "Generations": [
        "1996 - 2002 II",
        "1993 - 1996 I"
      ]
    },
    {
      "Model": "Venture",
      "Generations": [
        "1996 - 2005"
      ]
    },
    {
      "Model": "Viva",
      "Generations": [
        "2004 - 2008"
      ]
    },
    {
      "Model": "Volt",
      "Generations": [
        "2015 - 2019 II",
        "2010 - 2015 I"
      ]
    },
    {
      "Model": "Zafira",
      "Generations": [
        "2001 - 2012"
      ]
    }
  ]
}